code,name,price,category,brand,cpu1,cpu2,cpu3,ram,oCung,cardManHinh1,cardManHinh2,manHinh1,manHinh2,congKetNoi1,congKetNoi2,thietKe,kichThuoc,thoiGianRaMat,rating,full_name
220042001752, Laptop,23990000, Laptop , Acer ,Ryzen 5,5600H,3.3GHz,8 GB,"512 GB SSD NVMe PCIe (Có thể tháo ra, lắp thanh khác tối đa 1TB)",Card rời,GTX 1650 4GB,"15.6""",Full HD (1920 x 1080),3 x USB 3.2,HDMI,Vỏ nhựa,Dài 363.4 mm - Rộng 255 mm - Dày 23.9 mm - Nặng 2.2 kg,Dài 363.4 mm - Rộng 255 mm - Dày 23.9 mm - Nặng 2.2 kg,3," Laptop  Acer  Ryzen 5 5600H 3.3GHz 8 GB 512 GB SSD NVMe PCIe (Có thể tháo ra, lắp thanh khác tối đa 1TB) Card rời GTX 1650 4GB 15.6"" Full HD (1920 x 1080)"
220042001666, Laptop,27990000, Laptop , Lenovo ,i7,1165G7,2.8GHz,8 GB,512 GB SSD NVMe PCIe,Card tích hợp,Intel Iris Xe,"14""",Full HD (1920 x 1080),1 x USB 3.2,1 x USB 3.2 (Always on),Vỏ kim loại,Dài 320.6 mm - Rộng 208.18 mm - Dày 14.9 mm - Nặng 1.36 kg,Dài 320.6 mm - Rộng 208.18 mm - Dày 14.9 mm - Nặng 1.36 kg,3.8," Laptop  Lenovo  i7 1165G7 2.8GHz 8 GB 512 GB SSD NVMe PCIe Card tích hợp Intel Iris Xe 14"" Full HD (1920 x 1080)"
220042001608, Laptop,22990000, Laptop , MSI ,i7,10750H,2.6GHz,8 GB,"512 GB SSD NVMe PCIe (Có thể tháo ra, lắp thanh khác tối đa 2TB)",Card rời,GTX 1650 Max-Q 4GB,"15.6""",Full HD (1920 x 1080),3 x USB 3.2,HDMI,Vỏ nhựa - nắp lưng bằng kim loại,Dài 359 mm - Rộng 254 mm - Dày 21.7 mm - Nặng 1.86 kg,Dài 359 mm - Rộng 254 mm - Dày 21.7 mm - Nặng 1.86 kg,3.8," Laptop  MSI  i7 10750H 2.6GHz 8 GB 512 GB SSD NVMe PCIe (Có thể tháo ra, lắp thanh khác tối đa 2TB) Card rời GTX 1650 Max-Q 4GB 15.6"" Full HD (1920 x 1080)"
220042001181, Laptop,11990000, Laptop , Acer ,i3,1005G1,1.2GHz,4 GB,256 GB SSD NVMe PCIe,Card tích hợp,Intel UHD,"15.6""",Full HD (1920 x 1080),2 x USB 2.0,HDMI,Dài 363.4 mm - Rộng 247.5 mm - Dày 19.9 mm - Nặng 1.7 kg,2020,2020,3.8," Laptop  Acer  i3 1005G1 1.2GHz 4 GB 256 GB SSD NVMe PCIe Card tích hợp Intel UHD 15.6"" Full HD (1920 x 1080)"
220042001754, Laptop,9990000, Laptop , Acer ,Celeron,N4020,1.1GHz,4 GB,128 GB SSD M2 PCIe,Card tích hợp,Intel UHD 600,"11.6""",HD (1366 x 768),2 x USB 3.2,HDMI,Dài 295 mm - Rộng 215 mm - Dày 20.99 mm - Nặng 1.4 kg,2021,2021,0," Laptop  Acer  Celeron N4020 1.1GHz 4 GB 128 GB SSD M2 PCIe Card tích hợp Intel UHD 600 11.6"" HD (1366 x 768)"
220042001724, Laptop,16990000, Laptop , MSI ,Ryzen 5,5500U,2.1GHz,8 GB,"512 GB SSD NVMe PCIe (Có thể tháo ra, lắp thanh khác tối đa 2TB)",Card tích hợp,Radeon Vega 7,"14""",Full HD (1920 x 1080),2 x USB 3.2,HDMI,Nắp lưng và chiếu nghỉ tay bằng kim loại,Dài 319 mm - Rộng 219 mm - Dày 18.1 mm - Nặng 1.3 kg,Dài 319 mm - Rộng 219 mm - Dày 18.1 mm - Nặng 1.3 kg,5," Laptop  MSI  Ryzen 5 5500U 2.1GHz 8 GB 512 GB SSD NVMe PCIe (Có thể tháo ra, lắp thanh khác tối đa 2TB) Card tích hợp Radeon Vega 7 14"" Full HD (1920 x 1080)"
220042001736, Laptop,15290000, Laptop , Dell ,i3,1115G4,3GHz,4 GB,"256 GB SSD NVMe PCIe (Có thể tháo ra, lắp thanh khác tối đa 2TB (2280) / 1TB (2230))",Card tích hợp,Intel UHD,"15.6""",Full HD (1920 x 1080),2 x USB 3.2,HDMI,Dài 358.5 mm - Rộng 235.5 mm - Dày 18.9 mm - Nặng 1.7 kg,2021,2021,3," Laptop  Dell  i3 1115G4 3GHz 4 GB 256 GB SSD NVMe PCIe (Có thể tháo ra, lắp thanh khác tối đa 2TB (2280) / 1TB (2230)) Card tích hợp Intel UHD 15.6"" Full HD (1920 x 1080)"
220042001761, Laptop,12690000, Laptop , HP ,i3,10110U,2.1GHz,4 GB,256 GB SSD NVMe PCIe,Card tích hợp,Intel UHD,"15.6""",Full HD (1920 x 1080),2x SuperSpeed USB A,HDMI,Dài 358.5 mm - Rộng 242 mm - Dày 18 mm - Nặng 1.74 kg,2021,2021,4," Laptop  HP  i3 10110U 2.1GHz 4 GB 256 GB SSD NVMe PCIe Card tích hợp Intel UHD 15.6"" Full HD (1920 x 1080)"
220042001779, Laptop,19090000, Laptop , Asus ,i5,1135G7,2.4GHz,8 GB,"512 GB SSD NVMe PCIe (Có thể tháo ra, lắp thanh khác tối đa 1TB)",Card tích hợp,Intel Iris Xe,"14""",Full HD (1920 x 1080),1 x USB 3.2,2 x USB 2.0,Dài 324 mm - Rộng 215 mm - Dày 17.9 mm - Nặng 1.4 kg,2021,2021,5," Laptop  Asus  i5 1135G7 2.4GHz 8 GB 512 GB SSD NVMe PCIe (Có thể tháo ra, lắp thanh khác tối đa 1TB) Card tích hợp Intel Iris Xe 14"" Full HD (1920 x 1080)"
220042001705, Laptop,19990000, Laptop , Asus ,i5,1135G7,2.4GHz,8 GB,"512 GB SSD NVMe PCIe (Có thể tháo ra, lắp thanh khác tối đa 1TB)",Card tích hợp,Intel Iris Xe,"15.6""",Full HD (1920 x 1080) OLED,1 x USB 3.2,2 x USB 2.0,Dài 359 mm - Rộng 235 mm - Dày 17.9 mm - Nặng 1.8 kg,2021,2021,4.8," Laptop  Asus  i5 1135G7 2.4GHz 8 GB 512 GB SSD NVMe PCIe (Có thể tháo ra, lắp thanh khác tối đa 1TB) Card tích hợp Intel Iris Xe 15.6"" Full HD (1920 x 1080) OLED"
220042001759, Laptop,21390000, Laptop , Lenovo ,i5,1135G7,2.4GHz,8 GB,512 GB SSD NVMe PCIe,Card tích hợp,Intel Iris Xe,"15.6""",Full HD (1920 x 1080),2 x USB 3.2,HDMI,Dài 357 mm - Rộng 235 mm - Dày 18.9 mm - Nặng 1.7 kg,2021,2021,0," Laptop  Lenovo  i5 1135G7 2.4GHz 8 GB 512 GB SSD NVMe PCIe Card tích hợp Intel Iris Xe 15.6"" Full HD (1920 x 1080)"
220042001424, Laptop,39990000, Laptop , MacBook ,Apple M1,,,16 GB,256 GB SSD,Card tích hợp,8 nhân GPU,"13.3""",Retina (2560 x 1600),2 x Thunderbolt 3 (USB-C),Jack tai nghe 3.5 mm,Vỏ kim loại nguyên khối,Dài 304.1 mm - Rộng 212.4 mm - Dày 15.6 mm - Nặng 1.4 kg,Dài 304.1 mm - Rộng 212.4 mm - Dày 15.6 mm - Nặng 1.4 kg,5," Laptop  MacBook  Apple M1   16 GB 256 GB SSD Card tích hợp 8 nhân GPU 13.3"" Retina (2560 x 1600)"
220042001446, Laptop,29990000, Laptop , MSI ,i7,11800H,2.30 GHz,8 GB,512 GB SSD NVMe PCIe,Card rời,RTX 3050 4GB,"15.6""",Full HD (1920 x 1080),2 x USB 3.2,HDMI,Vỏ nhựa,Dài 359 mm - Rộng 259 mm - Dày 24.9 mm - Nặng 2.1 kg,Dài 359 mm - Rộng 259 mm - Dày 24.9 mm - Nặng 2.1 kg,3," Laptop  MSI  i7 11800H 2.30 GHz 8 GB 512 GB SSD NVMe PCIe Card rời RTX 3050 4GB 15.6"" Full HD (1920 x 1080)"
220042001725, Laptop,17990000, Laptop , MSI ,Ryzen 5,5500U,2.1GHz,8 GB,"512 GB SSD NVMe PCIe (Có thể tháo ra, lắp thanh khác tối đa 2TB)",Card tích hợp,Radeon,"15.6""",Full HD (1920 x 1080),3 x USB 3.2,HDMI,Nắp lưng và chiếu nghỉ tay bằng kim loại,Dài 356.8 mm - Rộng 233.7 mm - Dày 18.9 mm - Nặng 1.6 kg,Dài 356.8 mm - Rộng 233.7 mm - Dày 18.9 mm - Nặng 1.6 kg,3," Laptop  MSI  Ryzen 5 5500U 2.1GHz 8 GB 512 GB SSD NVMe PCIe (Có thể tháo ra, lắp thanh khác tối đa 2TB) Card tích hợp Radeon 15.6"" Full HD (1920 x 1080)"
220042001673, Laptop,33990000, Laptop , MSI ,i7,11800H,2.30 GHz,16 GB,"512 GB SSD NVMe PCIe (Có thể tháo ra, lắp thanh khác tối đa 2TB)",Card rời,RTX 3050Ti 4GB,"15.6""",Full HD (1920 x 1080),2 x USB 3.2,HDMI,Nắp lưng và chiếu nghỉ tay bằng kim loại,Dài 359 mm - Rộng 259 mm - Dày 23.95 mm - Nặng 2.25 kg,Dài 359 mm - Rộng 259 mm - Dày 23.95 mm - Nặng 2.25 kg,0," Laptop  MSI  i7 11800H 2.30 GHz 16 GB 512 GB SSD NVMe PCIe (Có thể tháo ra, lắp thanh khác tối đa 2TB) Card rời RTX 3050Ti 4GB 15.6"" Full HD (1920 x 1080)"
220042001337, Laptop,23690000, Laptop , Lenovo ,i5,1135G7,2.4GHz,8 GB,512 GB SSD NVMe PCIe,Card tích hợp,Intel Iris Xe,"14""",Full HD (1920 x 1080),2 x USB 3.2,HDMI,Vỏ kim loại,Dài 322 mm - Rộng 207 mm - Dày 14.9 mm - Nặng 1.27 kg,Dài 322 mm - Rộng 207 mm - Dày 14.9 mm - Nặng 1.27 kg,2.7," Laptop  Lenovo  i5 1135G7 2.4GHz 8 GB 512 GB SSD NVMe PCIe Card tích hợp Intel Iris Xe 14"" Full HD (1920 x 1080)"
220042001698, Laptop,29990000, Laptop , GIGABYTE ,i5,10500H,2.5GHz,16 GB,"512 GB SSD NVMe PCIe (Có thể tháo ra, lắp thanh khác tối đa 1TB)",Card rời,RTX 3060 6GB,"15.6""",Full HD (1920 x 1080),2 x USB 3.2,HDMI,Vỏ nhựa,Dài 361 mm - Rộng 258 mm - Dày 24.9 mm - Nặng 2.2 kg,Dài 361 mm - Rộng 258 mm - Dày 24.9 mm - Nặng 2.2 kg,3," Laptop  GIGABYTE  i5 10500H 2.5GHz 16 GB 512 GB SSD NVMe PCIe (Có thể tháo ra, lắp thanh khác tối đa 1TB) Card rời RTX 3060 6GB 15.6"" Full HD (1920 x 1080)"
220042001813, Laptop,82990000, Laptop , Dell ,i7,11800H,2.30 GHz,16 GB,"1 TB SSD M.2 PCIe (Có thể tháo ra, lắp thanh khác tối đa 2TB)",Card rời,RTX 3050 4GB,"17""",4K/UHD+ (3840 x 2400),4 x  Thunderbolt 4,Jack tai nghe 3.5 mm,Vỏ kim loại,"Dài 374,.48 - Rộng 248.08 mm - Dày 13.15 mm - Nặng 2.53 kg","Dài 374,.48 - Rộng 248.08 mm - Dày 13.15 mm - Nặng 2.53 kg",0," Laptop  Dell  i7 11800H 2.30 GHz 16 GB 1 TB SSD M.2 PCIe (Có thể tháo ra, lắp thanh khác tối đa 2TB) Card rời RTX 3050 4GB 17"" 4K/UHD+ (3840 x 2400)"
220042001542, Laptop,77990000, Laptop , MSI ,i7,11800H,2.30 GHz,32 GB,2 TB SSD NVMe PCIe,Card rời,RTX 3080 16GB,"15.6""",QHD (2560 x 1440),3 x USB 3.2,HDMI,Vỏ kim loại,Dài 358 mm - Rộng 267 mm - Dày 23.4 mm - Nặng 2.38 Kg,Dài 358 mm - Rộng 267 mm - Dày 23.4 mm - Nặng 2.38 Kg,0," Laptop  MSI  i7 11800H 2.30 GHz 32 GB 2 TB SSD NVMe PCIe Card rời RTX 3080 16GB 15.6"" QHD (2560 x 1440)"
220042001645, Laptop,64990000, Laptop , MacBook ,Apple M1 Pro,200GB/s memory bandwidth,,16 GB,512 GB SSD,Card tích hợp,16 core-GPU,16.2 inch,Liquid Retina XDR display (3456 x 2234),3 x Thunderbolt 4 USB-C,HDMI,Vỏ kim loại nguyên khối,Dài 355.7 mm - Rộng 248.1 mm - Dày 16.8 mm - Nặng 2.2 kg,Dài 355.7 mm - Rộng 248.1 mm - Dày 16.8 mm - Nặng 2.2 kg,0, Laptop  MacBook  Apple M1 Pro 200GB/s memory bandwidth  16 GB 512 GB SSD Card tích hợp 16 core-GPU 16.2 inch Liquid Retina XDR display (3456 x 2234)
220042001560, Laptop,64990000, Laptop , MSI ,i7,11800H,2.30 GHz,32 GB,2 TB SSD NVMe PCIe,Card rời,RTX 3070 Max-Q 8GB,"15.6""",Full HD (1920 x 1080),3 x USB 3.2,HDMI,Vỏ kim loại,Dài 358.3 mm - Rộng 248 mm - Dày 19.8 mm - Nặng 2.1 Kg,Dài 358.3 mm - Rộng 248 mm - Dày 19.8 mm - Nặng 2.1 Kg,0," Laptop  MSI  i7 11800H 2.30 GHz 32 GB 2 TB SSD NVMe PCIe Card rời RTX 3070 Max-Q 8GB 15.6"" Full HD (1920 x 1080)"
220042001561, Laptop,59990000, Laptop , MSI ,i7,11800H,2.30 GHz,16 GB,2 TB SSD NVMe PCIe,Card rời,RTX 3070 8GB,"15.6""",Full HD (1920 x 1080),3 x USB 3.2,HDMI,Vỏ kim loại,Dài 358 mm - Rộng 267 mm - Dày 23.4 mm - Nặng 2.38 Kg,Dài 358 mm - Rộng 267 mm - Dày 23.4 mm - Nặng 2.38 Kg,0," Laptop  MSI  i7 11800H 2.30 GHz 16 GB 2 TB SSD NVMe PCIe Card rời RTX 3070 8GB 15.6"" Full HD (1920 x 1080)"
220042001373, Laptop,57490000, Laptop , HP ,i7,10750H,2.6GHz,16 GB,1 TB SSD M.2 PCIe,Card rời,RTX 2070 Max-Q 8GB,"15.6""",Full HD (1920 x 1080),Jack tai nghe 3.5 mm,HDMI,Kim loại và polycarbonate,Dài 357.9 mm - Rộng 239.7 mm - Dày 22.5 mm - Nặng 2.36 kg,Dài 357.9 mm - Rộng 239.7 mm - Dày 22.5 mm - Nặng 2.36 kg,0," Laptop  HP  i7 10750H 2.6GHz 16 GB 1 TB SSD M.2 PCIe Card rời RTX 2070 Max-Q 8GB 15.6"" Full HD (1920 x 1080)"
220042001398, Laptop,54890000, Laptop , LG ,i7,1165G7,2.8GHz,16 GB,1 TB SSD M.2 PCIe,Card tích hợp,Intel Iris Xe,"17""",WQXGA (2560 x 1600),2 x Thunderbolt 4 USB-C,2 x USB 3.2,Hợp kim Nano Carbon - Magie,Dài 380.2 mm - Rộng 260.1 mm - Dày 17.8 mm - Nặng 1.35 kg,Dài 380.2 mm - Rộng 260.1 mm - Dày 17.8 mm - Nặng 1.35 kg,0," Laptop  LG  i7 1165G7 2.8GHz 16 GB 1 TB SSD M.2 PCIe Card tích hợp Intel Iris Xe 17"" WQXGA (2560 x 1600)"
220042001716, Laptop,52990000, Laptop , MSI ,i7,11800H,2.30 GHz,16 GB,"1 TB SSD M.2 PCIe (Có thể tháo ra, lắp thanh khác tối đa 2TB)",Card rời,RTX 3070 8GB,"17.3""",Full HD (1920 x 1080),3 x USB 3.2,HDMI,Vỏ kim loại,Dài 397 mm - Rộng 284 mm - Dày 25.9 mm - Nặng 2.9 kg,Dài 397 mm - Rộng 284 mm - Dày 25.9 mm - Nặng 2.9 kg,0," Laptop  MSI  i7 11800H 2.30 GHz 16 GB 1 TB SSD M.2 PCIe (Có thể tháo ra, lắp thanh khác tối đa 2TB) Card rời RTX 3070 8GB 17.3"" Full HD (1920 x 1080)"
220042001399, Laptop,52890000, Laptop , LG ,i7,1165G7,2.8GHz,16 GB,512 GB SSD NVMe PCIe,Card tích hợp,Intel Iris Xe,"17""",WQXGA (2560 x 1600),2 x Thunderbolt 4 USB-C,2 x USB 3.2,Hợp kim Nano Carbon - Magie,Dài 380.2 mm - Rộng 260.1 mm - Dày 17.8 mm - Nặng 1.35 kg,Dài 380.2 mm - Rộng 260.1 mm - Dày 17.8 mm - Nặng 1.35 kg,0," Laptop  LG  i7 1165G7 2.8GHz 16 GB 512 GB SSD NVMe PCIe Card tích hợp Intel Iris Xe 17"" WQXGA (2560 x 1600)"
220042001573, Laptop,50990000, Laptop , Acer ,i7,11800H,2.30 GHz,16 GB,"512 GB SSD NVMe PCIe (Có thể tháo ra, lắp thanh khác tối đa 1TB)",Card rời,RTX 3070 8GB,"15.6""",QHD (2560 x 1440),3 x USB 3.2,HDMI,Vỏ kim loại,Dài 353 mm - Rộng 255 mm - Dày 19.9 mm - Nặng 2 kg,Dài 353 mm - Rộng 255 mm - Dày 19.9 mm - Nặng 2 kg,0," Laptop  Acer  i7 11800H 2.30 GHz 16 GB 512 GB SSD NVMe PCIe (Có thể tháo ra, lắp thanh khác tối đa 1TB) Card rời RTX 3070 8GB 15.6"" QHD (2560 x 1440)"
220042001400, Laptop,50890000, Laptop , LG ,i7,1165G7,2.8GHz,16 GB,512 GB SSD NVMe PCIe,Card tích hợp,Intel Iris Xe,"16""",WQXGA (2560 x 1600),2 x Thunderbolt 4 USB-C,2 x USB 3.2,Hợp kim Nano Carbon - Magie,Dài 355.9 mm - Rộng 243.4 mm - Dày 16.8 mm - Nặng 1.19 kg,Dài 355.9 mm - Rộng 243.4 mm - Dày 16.8 mm - Nặng 1.19 kg,0," Laptop  LG  i7 1165G7 2.8GHz 16 GB 512 GB SSD NVMe PCIe Card tích hợp Intel Iris Xe 16"" WQXGA (2560 x 1600)"
220042001411, Laptop,49990000, Laptop , Lenovo ,i7,1185G7,3GHz,16 GB,1 TB SSD M.2 PCIe,Card tích hợp,Intel Iris Xe,"14""",4K/UHD (3840 x 2160),1 x USB 3.2,2 x Thunderbolt 4 USB-C,Vỏ kim loại,Dài 319.4 mm - Rộng 216.4 mm - Dày 15.7 mm - Nặng 1.37 kg,Dài 319.4 mm - Rộng 216.4 mm - Dày 15.7 mm - Nặng 1.37 kg,2," Laptop  Lenovo  i7 1185G7 3GHz 16 GB 1 TB SSD M.2 PCIe Card tích hợp Intel Iris Xe 14"" 4K/UHD (3840 x 2160)"
220042001441, Laptop,49590000, Laptop , HP ,i7,1165G7,2.8GHz,16 GB,512 GB SSD NVMe PCIe,Card tích hợp,Intel Iris Xe,"14""",Full HD (1920 x 1080),2 x Thunderbolt 4 USB-C,2 x USB 3.1,Vỏ kim loại nguyên khối,Dài 303.7 mm - Rộng 193.9 mm - Dày 16.1 mm - Nặng 1.25 kg,Dài 303.7 mm - Rộng 193.9 mm - Dày 16.1 mm - Nặng 1.25 kg,0," Laptop  HP  i7 1165G7 2.8GHz 16 GB 512 GB SSD NVMe PCIe Card tích hợp Intel Iris Xe 14"" Full HD (1920 x 1080)"
220042001401, Laptop,48890000, Laptop , LG ,i7,1165G7,2.8GHz,16 GB,256 GB SSD NVMe PCIe,Card tích hợp,Intel Iris Xe,"16""",WQXGA (2560 x 1600),2 x Thunderbolt 4 USB-C,2 x USB 3.2,Hợp kim Nano Carbon - Magie,Dài 355.9 mm - Rộng 243.4 mm - Dày 16.8 mm - Nặng 1.19 kg,Dài 355.9 mm - Rộng 243.4 mm - Dày 16.8 mm - Nặng 1.19 kg,0," Laptop  LG  i7 1165G7 2.8GHz 16 GB 256 GB SSD NVMe PCIe Card tích hợp Intel Iris Xe 16"" WQXGA (2560 x 1600)"
220042001402, Laptop,47890000, Laptop , LG ,i7,1165G7,2.8GHz,16 GB,Hỗ trợ thêm 1 khe cắm SSD M.2 PCIe mở rộng,Card tích hợp,Intel Iris Xe,"14""",WUXGA (1920 x 1200),2 x Thunderbolt 4 USB-C,2 x USB 3.2,Hợp kim Nano Carbon - Magie,Dài 313.4 mm - Rộng 215.2 mm - Dày 16.8 mm - Nặng 0.999 kg,Dài 313.4 mm - Rộng 215.2 mm - Dày 16.8 mm - Nặng 0.999 kg,0," Laptop  LG  i7 1165G7 2.8GHz 16 GB Hỗ trợ thêm 1 khe cắm SSD M.2 PCIe mở rộng Card tích hợp Intel Iris Xe 14"" WUXGA (1920 x 1200)"
220042001670, Laptop,41990000, Laptop , MSI ,i7,11375H,3.3GHz,16 GB,"512 GB SSD NVMe PCIe (Có thể tháo ra, lắp thanh khác tối đa 2TB)",Card rời,RTX 3060 Max-Q 6GB,"15.6""",Full HD (1920 x 1080),2 x USB 3.2,HDMI,Vỏ kim loại,Dài 358.3 mm - Rộng 248 mm - Dày 16.15 mm - Nặng 1.7 kg,Dài 358.3 mm - Rộng 248 mm - Dày 16.15 mm - Nặng 1.7 kg,0," Laptop  MSI  i7 11375H 3.3GHz 16 GB 512 GB SSD NVMe PCIe (Có thể tháo ra, lắp thanh khác tối đa 2TB) Card rời RTX 3060 Max-Q 6GB 15.6"" Full HD (1920 x 1080)"
220042001719, Laptop,41990000, Laptop , Asus ,i7,1165G7,2.8GHz,16 GB,1 TB SSD M.2 PCIe,Card tích hợp,Intel Iris Xe,"13.3""","4K/UHD (3840 x 2160), OLED",1 x USB 3.2,2 x Thunderbolt 4 USB-C,Vỏ kim loại nguyên khối,Dài 305 mm - Rộng 211 mm - Dày 13.9 mm - Nặng 1.2 kg,Dài 305 mm - Rộng 211 mm - Dày 13.9 mm - Nặng 1.2 kg,0," Laptop  Asus  i7 1165G7 2.8GHz 16 GB 1 TB SSD M.2 PCIe Card tích hợp Intel Iris Xe 13.3"" 4K/UHD (3840 x 2160), OLED"
220042001691, Laptop,41890000, Laptop , HP ,i7,1165G7,2.8GHz,16 GB,1 TB SSD M.2 PCIe,Card rời,"NVIDIA QuadroT500, 4GB","14""",Full HD (1920 x 1080),2 x Thunderbolt 4 USB-C,2x SuperSpeed USB A,Vỏ kim loại,Dài 323 mm - Rộng 214.6 mm - Dày 17.9 mm - Nặng 1.35 kg,Dài 323 mm - Rộng 214.6 mm - Dày 17.9 mm - Nặng 1.35 kg,0," Laptop  HP  i7 1165G7 2.8GHz 16 GB 1 TB SSD M.2 PCIe Card rời NVIDIA QuadroT500, 4GB 14"" Full HD (1920 x 1080)"
220042001764, Laptop,39990000, Laptop , Acer ,Ryzen 7,5800H,3.2GHz,8 GB,"512 GB SSD NVMe PCIe (Có thể tháo ra, lắp thanh khác tối đa 2TB)",Card rời,RTX 3070 8GB,"15.6""",Full HD (1920 x 1080),3 x USB 3.2,HDMI,Vỏ nhựa,Dài 363.4 mm - Rộng 255 mm - Dày 23.9 mm - Nặng 2.2 kg,Dài 363.4 mm - Rộng 255 mm - Dày 23.9 mm - Nặng 2.2 kg,0," Laptop  Acer  Ryzen 7 5800H 3.2GHz 8 GB 512 GB SSD NVMe PCIe (Có thể tháo ra, lắp thanh khác tối đa 2TB) Card rời RTX 3070 8GB 15.6"" Full HD (1920 x 1080)"
220042001743, Laptop,39890000, Laptop , HP ,i5,1135G7,2.4GHz,16 GB,512 GB SSD NVMe PCIe,Card rời,"NVIDIA QuadroT500, 4GB","14""",Full HD (1920 x 1080),2 x Thunderbolt 4 USB-C,2x SuperSpeed USB A,Vỏ kim loại,Dài 323 mm - Rộng 214.6 mm - Dày 17.9 mm - Nặng 1.35 kg,Dài 323 mm - Rộng 214.6 mm - Dày 17.9 mm - Nặng 1.35 kg,0," Laptop  HP  i5 1135G7 2.4GHz 16 GB 512 GB SSD NVMe PCIe Card rời NVIDIA QuadroT500, 4GB 14"" Full HD (1920 x 1080)"
220042001757, Laptop,37990000, Laptop , Intel ,i7,1165G7,2.8GHz,16 GB,"512 GB SSD NVMe PCIe (Có thể tháo ra, lắp thanh khác tối đa 1TB)",Card tích hợp,Intel Iris Xe,"15.6""",Full HD (1920 x 1080),2 x Thunderbolt 4 USB-C,2 x USB 3.2,Vỏ kim loại,Dài 355 mm - Rộng 230 mm - Dày 14.9 mm - Nặng 1.65 kg,Dài 355 mm - Rộng 230 mm - Dày 14.9 mm - Nặng 1.65 kg,0," Laptop  Intel  i7 1165G7 2.8GHz 16 GB 512 GB SSD NVMe PCIe (Có thể tháo ra, lắp thanh khác tối đa 1TB) Card tích hợp Intel Iris Xe 15.6"" Full HD (1920 x 1080)"
220042001756, Laptop,37990000, Laptop , Intel ,i7,1165G7,2.8GHz,16 GB,"512 GB SSD NVMe PCIe (Có thể tháo ra, lắp thanh khác tối đa 1TB)",Card tích hợp,Intel Iris Xe,"15.6""",Full HD (1920 x 1080),2 x Thunderbolt 4 USB-C,2 x USB 3.2,Vỏ kim loại,Dài 355 mm - Rộng 230 mm - Dày 15 mm - Nặng 1.65 kg,Dài 355 mm - Rộng 230 mm - Dày 15 mm - Nặng 1.65 kg,0," Laptop  Intel  i7 1165G7 2.8GHz 16 GB 512 GB SSD NVMe PCIe (Có thể tháo ra, lắp thanh khác tối đa 1TB) Card tích hợp Intel Iris Xe 15.6"" Full HD (1920 x 1080)"
220042001892, Laptop,32990000, Laptop , Dell ,Ryzen 7,5800H,3.2GHz,16 GB,"512 GB SSD NVMe PCIe (Có thể tháo ra, lắp thanh khác tối đa 2TB (2280) / 1TB (2230))",Card rời,RTX 3050Ti 4GB,"15.6""",Full HD (1920 x 1080),1 x USB 3.2,2 x USB 2.0,Vỏ nhựa,Dài 357.2 mm - Rộng 272.1 mm - Dày 26.9 mm - Nặng 2.81 kg,Dài 357.2 mm - Rộng 272.1 mm - Dày 26.9 mm - Nặng 2.81 kg,0," Laptop  Dell  Ryzen 7 5800H 3.2GHz 16 GB 512 GB SSD NVMe PCIe (Có thể tháo ra, lắp thanh khác tối đa 2TB (2280) / 1TB (2230)) Card rời RTX 3050Ti 4GB 15.6"" Full HD (1920 x 1080)"
220042001715, Laptop,34990000, Laptop , MSI ,i7,1185G7,3GHz,16 GB,"512 GB SSD NVMe PCIe (Có thể tháo ra, lắp thanh khác tối đa 2TB)",Card rời,GTX 1650 Max-Q 4GB,"15.6""",Full HD (1920 x 1080),2 x Thunderbolt 4 USB-C,2 x USB 3.2,Vỏ kim loại,Dài 356.8 mm - Rộng 233.7 mm - Dày 16.9 mm - Nặng 1.69 kg,Dài 356.8 mm - Rộng 233.7 mm - Dày 16.9 mm - Nặng 1.69 kg,0," Laptop  MSI  i7 1185G7 3GHz 16 GB 512 GB SSD NVMe PCIe (Có thể tháo ra, lắp thanh khác tối đa 2TB) Card rời GTX 1650 Max-Q 4GB 15.6"" Full HD (1920 x 1080)"
220042001285, Laptop,34990000, Laptop , MacBook ,Apple M1,,,8 GB,256 GB SSD,Card tích hợp,8 nhân GPU,"13.3""",Retina (2560 x 1600),2 x Thunderbolt 3 (USB-C),Jack tai nghe 3.5 mm,Vỏ kim loại nguyên khối,Dài 304.1 mm - Rộng 212.4 mm - Dày 15.6 mm - Nặng 1.4 kg,Dài 304.1 mm - Rộng 212.4 mm - Dày 15.6 mm - Nặng 1.4 kg,5," Laptop  MacBook  Apple M1   8 GB 256 GB SSD Card tích hợp 8 nhân GPU 13.3"" Retina (2560 x 1600)"
220042001755, Laptop,34990000, Laptop , Intel ,i5,1135G7,2.4GHz,16 GB,"512 GB SSD NVMe PCIe (Có thể tháo ra, lắp thanh khác tối đa 1TB)",Card tích hợp,Intel Iris Xe,"15.6""",Full HD (1920 x 1080),2 x Thunderbolt 4 USB-C,2 x USB 3.2,Vỏ kim loại,Dài 355 mm - Rộng 230 mm - Dày 14.9 mm - Nặng 1.65 kg,Dài 355 mm - Rộng 230 mm - Dày 14.9 mm - Nặng 1.65 kg,0," Laptop  Intel  i5 1135G7 2.4GHz 16 GB 512 GB SSD NVMe PCIe (Có thể tháo ra, lắp thanh khác tối đa 1TB) Card tích hợp Intel Iris Xe 15.6"" Full HD (1920 x 1080)"
220042001321, Laptop,34990000, Laptop , Lenovo ,i7,1165G7,2.8GHz,16 GB,1 TB SSD M.2 PCIe,Card tích hợp,Intel Iris Xe,"13.3""",QHD (2560 x 1600),2 x Thunderbolt 4 USB-C,Jack tai nghe 3.5 mm,Mặt lưng Carbon - Chiếu nghỉ tay bằng Nhôm Magie,Dài 295.88 mm - Rộng 208.85 mm - Dày 15 mm - Nặng 0.966 kg,Dài 295.88 mm - Rộng 208.85 mm - Dày 15 mm - Nặng 0.966 kg,4," Laptop  Lenovo  i7 1165G7 2.8GHz 16 GB 1 TB SSD M.2 PCIe Card tích hợp Intel Iris Xe 13.3"" QHD (2560 x 1600)"
220042001420, Laptop,33990000, Laptop , MacBook ,Apple M1,,,16 GB,256 GB SSD,Card tích hợp,7 nhân GPU,"13.3""",Retina (2560 x 1600),2 x Thunderbolt 3 (USB-C),Jack tai nghe 3.5 mm,Vỏ kim loại nguyên khối,Dài 304.1 mm - Rộng 212.4 mm - Dày 4.1 mm đến 16.1 mm - Nặng 1.29 kg,Dài 304.1 mm - Rộng 212.4 mm - Dày 4.1 mm đến 16.1 mm - Nặng 1.29 kg,4.2," Laptop  MacBook  Apple M1   16 GB 256 GB SSD Card tích hợp 7 nhân GPU 13.3"" Retina (2560 x 1600)"
220042001747, Laptop,33990000, Laptop , Asus ,i7,1165G7,2.8GHz,16 GB,512 GB SSD NVMe PCIe,Card tích hợp,Intel Iris Xe,"13.3""",Full HD (1920 x 1080) OLED,1 x USB 3.2,2 x Thunderbolt 4 USB-C,Vỏ kim loại nguyên khối,Dài 305 mm - Rộng 211 mm - Dày 11.9 mm - Nặng 1.3 kg,Dài 305 mm - Rộng 211 mm - Dày 11.9 mm - Nặng 1.3 kg,0," Laptop  Asus  i7 1165G7 2.8GHz 16 GB 512 GB SSD NVMe PCIe Card tích hợp Intel Iris Xe 13.3"" Full HD (1920 x 1080) OLED"
220042001763, Laptop,33990000, Laptop , Acer ,Ryzen 7,5800H,3.2GHz,8 GB,"512 GB SSD NVMe PCIe (Có thể tháo ra, lắp thanh khác tối đa 2TB)",Card rời,RTX 3060 6GB,"15.6""",Full HD (1920 x 1080),3 x USB 3.2,HDMI,Vỏ nhựa,Dài 363.4 mm - Rộng 255 mm - Dày 23.9 mm - Nặng 2.2 kg,Dài 363.4 mm - Rộng 255 mm - Dày 23.9 mm - Nặng 2.2 kg,0," Laptop  Acer  Ryzen 7 5800H 3.2GHz 8 GB 512 GB SSD NVMe PCIe (Có thể tháo ra, lắp thanh khác tối đa 2TB) Card rời RTX 3060 6GB 15.6"" Full HD (1920 x 1080)"
220042001732, Laptop,32990000, Laptop , Asus ,i7,11370H,3.3GHz,8 GB,"512 GB SSD NVMe PCIe (Có thể tháo ra, lắp thanh khác tối đa 1TB)",Card rời,RTX 3060 6GB,"15.6""",Full HD (1920 x 1080),3 x USB 3.2,HDMI 2.0,Vỏ nhựa - nắp lưng bằng kim loại,Dài 360 mm - Rộng 252 mm - Dày 19.9 mm - Nặng 2 kg,Dài 360 mm - Rộng 252 mm - Dày 19.9 mm - Nặng 2 kg,0," Laptop  Asus  i7 11370H 3.3GHz 8 GB 512 GB SSD NVMe PCIe (Có thể tháo ra, lắp thanh khác tối đa 1TB) Card rời RTX 3060 6GB 15.6"" Full HD (1920 x 1080)"
220042001581, Laptop,32990000, Laptop , Asus ,i5,1135G7,2.4GHz,8 GB,512 GB SSD NVMe PCIe,Card tích hợp,Intel Iris Xe,"14""",Full HD (1920 x 1080),1 x USB 3.2,2 x Thunderbolt 4 USB-C,Vỏ kim loại,Dài 324 mm - Rộng 222 mm - Dày 17.3 mm - Nặng 1.62 kg,Dài 324 mm - Rộng 222 mm - Dày 17.3 mm - Nặng 1.62 kg,4," Laptop  Asus  i5 1135G7 2.4GHz 8 GB 512 GB SSD NVMe PCIe Card tích hợp Intel Iris Xe 14"" Full HD (1920 x 1080)"
220042001489, Laptop,32990000, Laptop , Acer ,i5,11400H,2.7GHz,8 GB,"512 GB SSD NVMe PCIe (Có thể tháo ra, lắp thanh khác tối đa 1TB)",Card rời,RTX 3060 6GB,"15.6""",Full HD (1920 x 1080),3 x USB 3.2,HDMI,Vỏ nhựa,Dài 363.4 mm - Rộng 255 mm - Dày 23.9 mm - Nặng 2.2 kg,Dài 363.4 mm - Rộng 255 mm - Dày 23.9 mm - Nặng 2.2 kg,0," Laptop  Acer  i5 11400H 2.7GHz 8 GB 512 GB SSD NVMe PCIe (Có thể tháo ra, lắp thanh khác tối đa 1TB) Card rời RTX 3060 6GB 15.6"" Full HD (1920 x 1080)"
220042001872, Laptop,32590000, Laptop , HP ,i7,1165G7,2.8GHz,16 GB,1 TB SSD,Card tích hợp,Intel Iris Xe,"13.3""",Full HD (1920 x 1080),2 x USB 3.1,Jack tai nghe 3.5 mm,Vỏ kim loại,Dài 306.5 mm - Rộng 194.6 mm - Dày 16.4 mm - Nặng 1.237 kg,Dài 306.5 mm - Rộng 194.6 mm - Dày 16.4 mm - Nặng 1.237 kg,0," Laptop  HP  i7 1165G7 2.8GHz 16 GB 1 TB SSD Card tích hợp Intel Iris Xe 13.3"" Full HD (1920 x 1080)"
220042001854, Laptop,32490000, Laptop , HP ,i7,11800H,2.30 GHz,8 GB,512 GB SSD NVMe PCIe,Card rời,RTX 3050Ti 4GB,"16.1""",Full HD (1920 x 1080),1x SuperSpeed USB Type-C,3x SuperSpeed USB A,Vỏ nhựa,Dài 370 mm - Rộng 260 mm - Dày 23.5 mm - Nặng 2.46 kg,Dài 370 mm - Rộng 260 mm - Dày 23.5 mm - Nặng 2.46 kg,0," Laptop  HP  i7 11800H 2.30 GHz 8 GB 512 GB SSD NVMe PCIe Card rời RTX 3050Ti 4GB 16.1"" Full HD (1920 x 1080)"
220042001445, Laptop,32490000, Laptop , MSI ,i7,10750H,2.6GHz,16 GB,512 GB SSD NVMe PCIe,Card rời,RTX 3060 Max-Q 6GB,"15.6""",Full HD (1920 x 1080),2 x USB 3.2,2 x USB Type-C,Vỏ nhựa - nắp lưng bằng kim loại,Dài 359 mm - Rộng 254 mm - Dày 21.7 mm - Nặng 1.86 kg,Dài 359 mm - Rộng 254 mm - Dày 21.7 mm - Nặng 1.86 kg,4.8," Laptop  MSI  i7 10750H 2.6GHz 16 GB 512 GB SSD NVMe PCIe Card rời RTX 3060 Max-Q 6GB 15.6"" Full HD (1920 x 1080)"
220042001843, Laptop,31990000, Laptop , Lenovo ,Ryzen 7,5800H,3.2GHz,8 GB,"512 GB SSD NVMe PCIe (Có thể tháo ra, lắp thanh khác tối đa 1TB (2280) / 512GB (2242))",Card rời,RTX 3050Ti 4GB,"15.6""",Full HD (1920 x 1080),1 x USB 3.2 (Always on),2 x USB Type-C,Vỏ nhựa,Dài 362.56 mm - Rộng 260.61 mm - Dày 25.75 mm - Nặng 2.4 kg,Dài 362.56 mm - Rộng 260.61 mm - Dày 25.75 mm - Nặng 2.4 kg,0," Laptop  Lenovo  Ryzen 7 5800H 3.2GHz 8 GB 512 GB SSD NVMe PCIe (Có thể tháo ra, lắp thanh khác tối đa 1TB (2280) / 512GB (2242)) Card rời RTX 3050Ti 4GB 15.6"" Full HD (1920 x 1080)"
220042001628, Laptop,30990000, Laptop , Dell ,i7,1165G7,2.8GHz,8 GB,"512 GB SSD NVMe PCIe (Có thể tháo ra, lắp thanh khác tối đa 1TB)",Card tích hợp,Intel Iris Xe,"15.6""",Full HD (1920 x 1080),2 x USB 3.2,HDMI,Vỏ nhựa,Dài 361 mm - Rộng 240.9 mm - Dày 18 mm - Nặng 1.79 kg,Dài 361 mm - Rộng 240.9 mm - Dày 18 mm - Nặng 1.79 kg,2," Laptop  Dell  i7 1165G7 2.8GHz 8 GB 512 GB SSD NVMe PCIe (Có thể tháo ra, lắp thanh khác tối đa 1TB) Card tích hợp Intel Iris Xe 15.6"" Full HD (1920 x 1080)"
220042001805, Laptop,30690000, Laptop , Asus ,i7,1165G7,2.8GHz,16 GB,512 GB SSD NVMe PCIe,Card tích hợp,Intel Iris Xe,"14""",Full HD (1920 x 1080),1 x USB 3.2,2 x Thunderbolt 4 USB-C,Vỏ kim loại nguyên khối,Dài 319 mm - Rộng 208 mm - Dày 13.9 mm - Nặng 1.17 kg,Dài 319 mm - Rộng 208 mm - Dày 13.9 mm - Nặng 1.17 kg,0," Laptop  Asus  i7 1165G7 2.8GHz 16 GB 512 GB SSD NVMe PCIe Card tích hợp Intel Iris Xe 14"" Full HD (1920 x 1080)"
220042001884, Laptop,30490000, Laptop , Asus ,i5,1135G7,2.4GHz,8 GB,"512 GB SSD NVMe PCIe (Có thể tháo ra, lắp thanh khác tối đa 2TB)",Card tích hợp,Intel Iris Xe,"14""",Full HD (1920 x 1080),1 x USB 3.2,2 x Thunderbolt 4 USB-C,Hợp kim Lithium-Magie,Dài 320 mm - Rộng 203 mm - Dày 14.9 mm - Nặng 1.01 kg,Dài 320 mm - Rộng 203 mm - Dày 14.9 mm - Nặng 1.01 kg,0," Laptop  Asus  i5 1135G7 2.4GHz 8 GB 512 GB SSD NVMe PCIe (Có thể tháo ra, lắp thanh khác tối đa 2TB) Card tích hợp Intel Iris Xe 14"" Full HD (1920 x 1080)"
220042001815, Laptop,30490000, Laptop , HP ,i7,11800H,2.30 GHz,8 GB,512 GB SSD NVMe PCIe,Card rời,RTX 3050 4GB,"16.1""",Full HD (1920 x 1080),1x SuperSpeed USB Type-C,3x SuperSpeed USB A,Vỏ nhựa,Dài 370 mm - Rộng 260 mm - Dày 23.5 mm - Nặng 2.46 kg,Dài 370 mm - Rộng 260 mm - Dày 23.5 mm - Nặng 2.46 kg,0," Laptop  HP  i7 11800H 2.30 GHz 8 GB 512 GB SSD NVMe PCIe Card rời RTX 3050 4GB 16.1"" Full HD (1920 x 1080)"
220042001696, Laptop,30490000, Laptop , Acer ,i7,11800H,2.30 GHz,8 GB,"512 GB SSD NVMe PCIe (Có thể tháo ra, lắp thanh khác tối đa 1TB)",Card rời,RTX 3050Ti 4GB,"15.6""",Full HD (1920 x 1080),3 x USB 3.2,HDMI,Vỏ nhựa,Dài 363.4 mm - Rộng 255 mm - Dày 23.9 mm - Nặng 2.2 kg,Dài 363.4 mm - Rộng 255 mm - Dày 23.9 mm - Nặng 2.2 kg,4," Laptop  Acer  i7 11800H 2.30 GHz 8 GB 512 GB SSD NVMe PCIe (Có thể tháo ra, lắp thanh khác tối đa 1TB) Card rời RTX 3050Ti 4GB 15.6"" Full HD (1920 x 1080)"
220042001776, Laptop,30290000, Laptop , HP ,Ryzen 7,5800U,1.9GHz,8 GB,256 GB SSD NVMe PCIe,Card tích hợp,Radeon,"13.3""",Full HD (1920 x 1080),2x SuperSpeed USB A,Jack tai nghe 3.5 mm,Vỏ kim loại,Dài 306.5 mm - Rộng 194.6 mm - Dày 16.4 mm - Nặng 1.3 kg,Dài 306.5 mm - Rộng 194.6 mm - Dày 16.4 mm - Nặng 1.3 kg,0," Laptop  HP  Ryzen 7 5800U 1.9GHz 8 GB 256 GB SSD NVMe PCIe Card tích hợp Radeon 13.3"" Full HD (1920 x 1080)"
220042001845, Laptop,29990000, Laptop , Dell ,Ryzen 7,5800H,3.2GHz,8 GB,"512 GB SSD NVMe PCIe (Có thể tháo ra, lắp thanh khác tối đa 2TB (2280) / 1TB (2230))",Card rời,RTX 3050 4GB,"15.6""",Full HD (1920 x 1080),1 x USB 3.2,2 x USB 2.0,Vỏ nhựa,Dài 357 mm - Rộng 272 mm - Dày 25 mm - Nặng 2.81 kg,Dài 357 mm - Rộng 272 mm - Dày 25 mm - Nặng 2.81 kg,0," Laptop  Dell  Ryzen 7 5800H 3.2GHz 8 GB 512 GB SSD NVMe PCIe (Có thể tháo ra, lắp thanh khác tối đa 2TB (2280) / 1TB (2230)) Card rời RTX 3050 4GB 15.6"" Full HD (1920 x 1080)"
220042001585, Laptop,29990000, Laptop , GIGABYTE ,i5,11400H,2.7GHz,16 GB,Hỗ trợ khe cắm HDD SATA (nâng cấp tối đa 2TB),Card rời,RTX 3050Ti 4GB,"15.6""",Full HD (1920 x 1080),2 x USB 3.2,HDMI,Vỏ nhựa,Dài 361 mm - Rộng 258 mm - Dày 24.9 mm - Nặng 2.2 kg,Dài 361 mm - Rộng 258 mm - Dày 24.9 mm - Nặng 2.2 kg,5," Laptop  GIGABYTE  i5 11400H 2.7GHz 16 GB Hỗ trợ khe cắm HDD SATA (nâng cấp tối đa 2TB) Card rời RTX 3050Ti 4GB 15.6"" Full HD (1920 x 1080)"
220042001809, Laptop,29990000, Laptop , HP ,Ryzen 7,5800H,3.2GHz,8 GB,"512 GB SSD NVMe PCIe (Có thể tháo ra, lắp thanh khác tối đa 1TB)",Card rời,RTX 3050Ti 4GB,"16.1""",Full HD (1920 x 1080),1x USB 3.1 Gen 1 Type-A ( HP Sleep and Charge),"1x USB 3.1 Gen 1 Type-C (support Power Delivery, DisplayPort, HP Sleep and Charge)",Vỏ nhựa,Dài 370 mm - Rộng 260 mm - Dày 23.5 mm - Nặng 2.41 kg,Dài 370 mm - Rộng 260 mm - Dày 23.5 mm - Nặng 2.41 kg,0," Laptop  HP  Ryzen 7 5800H 3.2GHz 8 GB 512 GB SSD NVMe PCIe (Có thể tháo ra, lắp thanh khác tối đa 1TB) Card rời RTX 3050Ti 4GB 16.1"" Full HD (1920 x 1080)"
220042001835, Laptop,29990000, Laptop , HP ,i7,1165G7,2.8GHz,8 GB,512 GB SSD NVMe PCIe,Card tích hợp,Intel Iris Xe,"13.3""",Full HD (1920 x 1080),2x SuperSpeed USB A,Jack tai nghe 3.5 mm,Vỏ kim loại,Dài 306.5 mm - Rộng 194.6 mm - Dày 16.4 mm - Nặng 1.33 kg,Dài 306.5 mm - Rộng 194.6 mm - Dày 16.4 mm - Nặng 1.33 kg,0," Laptop  HP  i7 1165G7 2.8GHz 8 GB 512 GB SSD NVMe PCIe Card tích hợp Intel Iris Xe 13.3"" Full HD (1920 x 1080)"
220042001656, Laptop,29990000, Laptop , MSI ,i7,11800H,2.30 GHz,8 GB,"512 GB SSD NVMe PCIe (Có thể tháo ra, lắp thanh khác tối đa 2TB)",Card rời,RTX 3050 4GB,"17.3""",Full HD (1920 x 1080),2 x USB 3.2,HDMI,Vỏ nhựa,Dài 398 mm - Rộng 273 mm - Dày 25.2 mm - Nặng 2.6 kg,Dài 398 mm - Rộng 273 mm - Dày 25.2 mm - Nặng 2.6 kg,5," Laptop  MSI  i7 11800H 2.30 GHz 8 GB 512 GB SSD NVMe PCIe (Có thể tháo ra, lắp thanh khác tối đa 2TB) Card rời RTX 3050 4GB 17.3"" Full HD (1920 x 1080)"
220042001853, Laptop,29990000, Laptop , MSI ,i7,1195G7,2.9GHz,16 GB,"512 GB SSD NVMe PCIe (Có thể tháo ra, lắp thanh khác tối đa 2TB)",Card rời,GTX 1650 Max-Q 4GB,"14""",Full HD (1920 x 1080),1 x USB 3.2,2 x Thunderbolt 4 USB-C,Vỏ kim loại,Dài 319 mm - Rộng 219 mm - Dày 15.9 mm - Nặng 1.29 kg,Dài 319 mm - Rộng 219 mm - Dày 15.9 mm - Nặng 1.29 kg,0," Laptop  MSI  i7 1195G7 2.9GHz 16 GB 512 GB SSD NVMe PCIe (Có thể tháo ra, lắp thanh khác tối đa 2TB) Card rời GTX 1650 Max-Q 4GB 14"" Full HD (1920 x 1080)"
220042001669, Laptop,29890000, Laptop , HP ,i7,1165G7,2.8GHz,8 GB,512 GB SSD NVMe PCIe,Card tích hợp,Intel Iris Xe,"13.3""",Full HD (1920 x 1080),2x SuperSpeed USB A,Jack tai nghe 3.5 mm,Vỏ kim loại nguyên khối,Dài 306.5 mm - Rộng 194.6 mm - Dày 16.9 mm - Nặng 1.236 kg,Dài 306.5 mm - Rộng 194.6 mm - Dày 16.9 mm - Nặng 1.236 kg,0," Laptop  HP  i7 1165G7 2.8GHz 8 GB 512 GB SSD NVMe PCIe Card tích hợp Intel Iris Xe 13.3"" Full HD (1920 x 1080)"
220042001562, Laptop,29490000, Laptop , MSI ,i5,10500H,2.5GHz,16 GB,"512 GB SSD NVMe PCIe (Có thể tháo ra, lắp thanh khác tối đa 2TB)",Card rời,RTX 3060 Max-Q 6GB,"15.6""",Full HD (1920 x 1080),2 x USB 3.2,2 x USB Type-C,Nắp lưng và chiếu nghỉ tay bằng kim loại,Dài 359 mm - Rộng 254 mm - Dày 21.7 mm - Nặng 1.86 kg,Dài 359 mm - Rộng 254 mm - Dày 21.7 mm - Nặng 1.86 kg,5," Laptop  MSI  i5 10500H 2.5GHz 16 GB 512 GB SSD NVMe PCIe (Có thể tháo ra, lắp thanh khác tối đa 2TB) Card rời RTX 3060 Max-Q 6GB 15.6"" Full HD (1920 x 1080)"
220042001322, Laptop,28990000, Laptop , Lenovo ,i5,1135G7,2.4GHz,16 GB,512 GB SSD NVMe PCIe,Card tích hợp,Intel Iris Xe,"13.3""",QHD (2560 x 1600),2 x Thunderbolt 4 USB-C,Jack tai nghe 3.5 mm,Mặt lưng Carbon - Chiếu nghỉ tay bằng Nhôm Magie,Dài 295.88 mm - Rộng 208.85 mm - Dày 15 mm - Nặng 0.966 kg,Dài 295.88 mm - Rộng 208.85 mm - Dày 15 mm - Nặng 0.966 kg,2.4," Laptop  Lenovo  i5 1135G7 2.4GHz 16 GB 512 GB SSD NVMe PCIe Card tích hợp Intel Iris Xe 13.3"" QHD (2560 x 1600)"
220042001769, Laptop,28990000, Laptop , Lenovo ,i7,1165G7,2.8GHz,8 GB,"512 GB SSD NVMe PCIe (Có thể tháo ra, lắp thanh khác tối đa 1TB)",Card tích hợp,Intel Iris Xe,"14""",Full HD (1920 x 1080),1 x USB 3.2,1 x USB 3.2 (Always on),Vỏ kim loại,Dài 320.6 mm - Rộng 208.18 mm - Dày 14.9 mm - Nặng 1.36 kg,Dài 320.6 mm - Rộng 208.18 mm - Dày 14.9 mm - Nặng 1.36 kg,0," Laptop  Lenovo  i7 1165G7 2.8GHz 8 GB 512 GB SSD NVMe PCIe (Có thể tháo ra, lắp thanh khác tối đa 1TB) Card tích hợp Intel Iris Xe 14"" Full HD (1920 x 1080)"
220042001668, Laptop,28990000, Laptop , Lenovo ,i5,1135G7,2.4GHz,8 GB,512 GB SSD NVMe PCIe,Card tích hợp,Intel Iris Xe,13 inch,WQHD (2160x1350),Jack tai nghe 3.5 mm,Thunderbolt 4 USB-C,Vỏ kim loại,Dài 297.4 mm - Rộng 207.4 mm - Dày 9.19 mm - Nặng 1.1683 kg,Dài 297.4 mm - Rộng 207.4 mm - Dày 9.19 mm - Nặng 1.1683 kg,4.7, Laptop  Lenovo  i5 1135G7 2.4GHz 8 GB 512 GB SSD NVMe PCIe Card tích hợp Intel Iris Xe 13 inch WQHD (2160x1350)
220042001825, Laptop,28990000, Laptop , Acer ,i5,11320H,3.2GHz,16 GB,"512 GB SSD NVMe PCIe (Có thể tháo ra, lắp thanh khác tối đa 1TB)",Card rời,RTX 3050 4GB,"16.1""",Full HD (1920 x 1080),2 x USB 3.2,HDMI,Vỏ kim loại,Dài 367.8 mm - Rộng 236.1 mm - Dày 18.9 mm - Nặng 1.9 kg,Dài 367.8 mm - Rộng 236.1 mm - Dày 18.9 mm - Nặng 1.9 kg,0," Laptop  Acer  i5 11320H 3.2GHz 16 GB 512 GB SSD NVMe PCIe (Có thể tháo ra, lắp thanh khác tối đa 1TB) Card rời RTX 3050 4GB 16.1"" Full HD (1920 x 1080)"
220042001844, Laptop,28990000, Laptop , Lenovo ,Ryzen 5,5600H,3.3GHz,8 GB,"512 GB SSD NVMe PCIe (Có thể tháo ra, lắp thanh khác tối đa 1TB (2280) / 512GB (2242))",Card rời,RTX 3050 4GB,"15.6""",Full HD (1920 x 1080),1 x USB 3.2 (Always on),2 x USB Type-C,Vỏ nhựa,Dài 362.56 mm - Rộng 260.61 mm - Dày 25.75 mm - Nặng 2.4 kg,Dài 362.56 mm - Rộng 260.61 mm - Dày 25.75 mm - Nặng 2.4 kg,0," Laptop  Lenovo  Ryzen 5 5600H 3.3GHz 8 GB 512 GB SSD NVMe PCIe (Có thể tháo ra, lắp thanh khác tối đa 1TB (2280) / 512GB (2242)) Card rời RTX 3050 4GB 15.6"" Full HD (1920 x 1080)"
220042001695, Laptop,28990000, Laptop , Acer ,i7,11800H,2.30 GHz,8 GB,"512 GB SSD NVMe PCIe (Có thể tháo ra, lắp thanh khác tối đa 1TB)",Card rời,RTX 3050 4GB,"15.6""",Full HD (1920 x 1080),3 x USB 3.2,HDMI,Vỏ nhựa,Dài 363.4 mm - Rộng 255 mm - Dày 23.9 mm - Nặng 2.2 kg,Dài 363.4 mm - Rộng 255 mm - Dày 23.9 mm - Nặng 2.2 kg,4.3," Laptop  Acer  i7 11800H 2.30 GHz 8 GB 512 GB SSD NVMe PCIe (Có thể tháo ra, lắp thanh khác tối đa 1TB) Card rời RTX 3050 4GB 15.6"" Full HD (1920 x 1080)"
220042001864, Laptop,28990000, Laptop , HP ,i5,11400H,2.7GHz,8 GB,512 GB SSD NVMe PCIe,Card rời,RTX 3050Ti 4GB,"16.1""",Full HD (1920 x 1080),3x SuperSpeed USB A,HDMI,Vỏ nhựa,Dài 370 mm - Rộng 260 mm - Dày 23.5 mm - Nặng 2.46 kg,Dài 370 mm - Rộng 260 mm - Dày 23.5 mm - Nặng 2.46 kg,0," Laptop  HP  i5 11400H 2.7GHz 8 GB 512 GB SSD NVMe PCIe Card rời RTX 3050Ti 4GB 16.1"" Full HD (1920 x 1080)"
220042001701, Laptop,28990000, Laptop , Dell ,Ryzen 5,5600H,3.3GHz,16 GB,"512 GB SSD NVMe PCIe (Có thể tháo ra, lắp thanh khác tối đa 2TB (2280) / 1TB (2230))",Card rời,RTX 3050 4GB,"15.6""",Full HD (1920 x 1080),1 x USB 3.2,2 x USB 2.0,Vỏ nhựa,Dài 357.26 mm - Rộng 272.11 mm - Dày 26.9 mm - Nặng 2.8 kg,Dài 357.26 mm - Rộng 272.11 mm - Dày 26.9 mm - Nặng 2.8 kg,0," Laptop  Dell  Ryzen 5 5600H 3.3GHz 16 GB 512 GB SSD NVMe PCIe (Có thể tháo ra, lắp thanh khác tối đa 2TB (2280) / 1TB (2230)) Card rời RTX 3050 4GB 15.6"" Full HD (1920 x 1080)"
220042001770, Laptop,28490000, Laptop , Lenovo ,i7,1165G7,2.8GHz,16 GB,"512 GB SSD NVMe PCIe (Có thể tháo ra, lắp thanh khác tối đa 1TB (2280) / 512GB (2242))",Card rời,MX450 2GB,"14""",2.2K (2240x1400),1 x USB 3.2,1 x USB 3.2 (Always on),Vỏ kim loại,Dài 312.2 mm - Rộng 221 mm - Dày 17.99 mm - Nặng 1.41 kg,Dài 312.2 mm - Rộng 221 mm - Dày 17.99 mm - Nặng 1.41 kg,0," Laptop  Lenovo  i7 1165G7 2.8GHz 16 GB 512 GB SSD NVMe PCIe (Có thể tháo ra, lắp thanh khác tối đa 1TB (2280) / 512GB (2242)) Card rời MX450 2GB 14"" 2.2K (2240x1400)"
220042001550, Laptop,28490000, Laptop , Asus ,i7,11800H,2.30 GHz,8 GB,Hỗ trợ thêm 1 khe cắm SSD M.2 PCIe mở rộng (nâng cấp tối đa 1TB),Card rời,RTX 3050 4GB,"15.6""",Full HD (1920 x 1080),3 x USB 3.2,HDMI,Vỏ nhựa - nắp lưng bằng kim loại,Dài 359 mm - Rộng 256 mm - Dày 24.9 mm - Nặng 2.3 kg,Dài 359 mm - Rộng 256 mm - Dày 24.9 mm - Nặng 2.3 kg,5," Laptop  Asus  i7 11800H 2.30 GHz 8 GB Hỗ trợ thêm 1 khe cắm SSD M.2 PCIe mở rộng (nâng cấp tối đa 1TB) Card rời RTX 3050 4GB 15.6"" Full HD (1920 x 1080)"
220042001279, Laptop,28490000, Laptop , MacBook ,Apple M1,,,8 GB,256 GB SSD,Card tích hợp,7 nhân GPU,"13.3""",Retina (2560 x 1600),2 x Thunderbolt 3 (USB-C),Jack tai nghe 3.5 mm,Vỏ kim loại nguyên khối,Dài 304.1 mm - Rộng 212.4 mm - Dày 4.1 mm đến 16.1 mm - Nặng 1.29 kg,Dài 304.1 mm - Rộng 212.4 mm - Dày 4.1 mm đến 16.1 mm - Nặng 1.29 kg,3.9," Laptop  MacBook  Apple M1   8 GB 256 GB SSD Card tích hợp 7 nhân GPU 13.3"" Retina (2560 x 1600)"
220042001690, Laptop,27990000, Laptop , Asus ,i5,1135G7,2.4GHz,8 GB,512 GB SSD NVMe PCIe,Card tích hợp,Intel Iris Xe,"13.3""",Full HD (1920 x 1080) OLED,1 x USB 3.2,2 x Thunderbolt 4 USB-C,Vỏ kim loại nguyên khối,Dài 305 mm - Rộng 211 mm - Dày 11.9 mm - Nặng 1.3 kg,Dài 305 mm - Rộng 211 mm - Dày 11.9 mm - Nặng 1.3 kg,5," Laptop  Asus  i5 1135G7 2.4GHz 8 GB 512 GB SSD NVMe PCIe Card tích hợp Intel Iris Xe 13.3"" Full HD (1920 x 1080) OLED"
220042001689, Laptop,27990000, Laptop , Asus ,i5,1135G7,2.4GHz,8 GB,512 GB SSD NVMe PCIe,Card tích hợp,Intel Iris Xe,"13.3""",Full HD (1920 x 1080) OLED,1 x USB 3.2,2 x Thunderbolt 4 USB-C,Vỏ kim loại nguyên khối,Dài 305 mm - Rộng 211 mm - Dày 11.9 mm - Nặng 1.3 kg,Dài 305 mm - Rộng 211 mm - Dày 11.9 mm - Nặng 1.3 kg,4.5," Laptop  Asus  i5 1135G7 2.4GHz 8 GB 512 GB SSD NVMe PCIe Card tích hợp Intel Iris Xe 13.3"" Full HD (1920 x 1080) OLED"
220042001738, Laptop,27490000, Laptop , Dell ,i5,11400H,2.7GHz,8 GB,"256 GB SSD NVMe PCIe (Có thể tháo ra, lắp thanh khác tối đa 1TB)",Card rời,RTX 3050 4GB,"15.6""",Full HD (1920 x 1080),3 x USB 3.2,HDMI,Vỏ nhựa,Dài 357 mm - Rộng 272 mm - Dày 25 mm - Nặng 2.81 kg,Dài 357 mm - Rộng 272 mm - Dày 25 mm - Nặng 2.81 kg,0," Laptop  Dell  i5 11400H 2.7GHz 8 GB 256 GB SSD NVMe PCIe (Có thể tháo ra, lắp thanh khác tối đa 1TB) Card rời RTX 3050 4GB 15.6"" Full HD (1920 x 1080)"
220042001786, Laptop,27290000, Laptop , Dell ,i5,1155G7,2.5GHz,8 GB,"512 GB SSD NVMe PCIe (Có thể tháo ra, lắp thanh khác tối đa 1TB)",Card rời,MX350 2GB,"14""",Full HD (1920 x 1080),2 x USB 3.2,HDMI,Vỏ nhựa - nắp lưng bằng kim loại,Dài 321.5 mm - Rộng 211.35 mm - Dày 18 mm - Nặng 1.65 kg,Dài 321.5 mm - Rộng 211.35 mm - Dày 18 mm - Nặng 1.65 kg,0," Laptop  Dell  i5 1155G7 2.5GHz 8 GB 512 GB SSD NVMe PCIe (Có thể tháo ra, lắp thanh khác tối đa 1TB) Card rời MX350 2GB 14"" Full HD (1920 x 1080)"
220042001699, Laptop,26990000, Laptop , GIGABYTE ,i5,11400H,2.7GHz,16 GB,"512 GB SSD NVMe PCIe (Có thể tháo ra, lắp thanh khác tối đa 1TB)",Card rời,RTX 3050 4GB,"15.6""",Full HD (1920 x 1080),2 x USB 3.2,HDMI,Vỏ nhựa,Dài 361 mm - Rộng 258 mm - Dày 24.9 mm - Nặng 2.2 kg,Dài 361 mm - Rộng 258 mm - Dày 24.9 mm - Nặng 2.2 kg,0," Laptop  GIGABYTE  i5 11400H 2.7GHz 16 GB 512 GB SSD NVMe PCIe (Có thể tháo ra, lắp thanh khác tối đa 1TB) Card rời RTX 3050 4GB 15.6"" Full HD (1920 x 1080)"
220042001760, Laptop,26990000, Laptop , HP ,i5,11400H,2.7GHz,8 GB,512 GB SSD NVMe PCIe,Card rời,RTX 3050 4GB,"16.1""",Full HD (1920 x 1080),3x SuperSpeed USB A,HDMI,Vỏ nhựa,Dài 370 mm - Rộng 260 mm - Dày 23.5 mm - Nặng 2.46 kg,Dài 370 mm - Rộng 260 mm - Dày 23.5 mm - Nặng 2.46 kg,0," Laptop  HP  i5 11400H 2.7GHz 8 GB 512 GB SSD NVMe PCIe Card rời RTX 3050 4GB 16.1"" Full HD (1920 x 1080)"
220042001614, Laptop,26990000, Laptop , GIGABYTE ,i5,11400H,2.7GHz,16 GB,"512 GB SSD NVMe PCIe (Có thể tháo ra, lắp thanh khác tối đa 1TB)",Card rời,RTX 3050 4GB,"15.6""",Full HD (1920 x 1080),2 x USB 3.2,HDMI,Vỏ nhựa,Dài 361 mm - Rộng 258 mm - Dày 24.9 mm - Nặng 2.2 kg,Dài 361 mm - Rộng 258 mm - Dày 24.9 mm - Nặng 2.2 kg,2," Laptop  GIGABYTE  i5 11400H 2.7GHz 16 GB 512 GB SSD NVMe PCIe (Có thể tháo ra, lắp thanh khác tối đa 1TB) Card rời RTX 3050 4GB 15.6"" Full HD (1920 x 1080)"
220042001774, Laptop,26790000, Laptop , Lenovo ,i7,1165G7,2.8GHz,8 GB,"512 GB SSD NVMe PCIe (Có thể tháo ra, lắp thanh khác tối đa 1TB (2280) / 512GB (2242))",Card tích hợp,Intel Iris Xe,"14""",Full HD (1920 x 1080),2 x USB 3.2,HDMI,Vỏ kim loại,Dài 322 mm - Rộng 207 mm - Dày 14.9 mm - Nặng 1.27 kg,Dài 322 mm - Rộng 207 mm - Dày 14.9 mm - Nặng 1.27 kg,0," Laptop  Lenovo  i7 1165G7 2.8GHz 8 GB 512 GB SSD NVMe PCIe (Có thể tháo ra, lắp thanh khác tối đa 1TB (2280) / 512GB (2242)) Card tích hợp Intel Iris Xe 14"" Full HD (1920 x 1080)"
220042001706, Laptop,26590000, Laptop , Asus ,Ryzen 5,5600H,3.3GHz,8 GB,"512 GB SSD NVMe PCIe (Có thể tháo ra, lắp thanh khác tối đa 2TB)",Card rời,RTX 3050 4GB,"15.6""",Full HD (1920 x 1080) OLED,1 x USB 3.2,2 x USB 2.0,Vỏ nhựa - nắp lưng bằng kim loại,Dài 359.8 mm - Rộng 235.3 mm - Dày 19.9 mm - Nặng 1.65 kg,Dài 359.8 mm - Rộng 235.3 mm - Dày 19.9 mm - Nặng 1.65 kg,0," Laptop  Asus  Ryzen 5 5600H 3.3GHz 8 GB 512 GB SSD NVMe PCIe (Có thể tháo ra, lắp thanh khác tối đa 2TB) Card rời RTX 3050 4GB 15.6"" Full HD (1920 x 1080) OLED"
220042001617, Laptop,26490000, Laptop , Acer ,i5,11400H,2.7GHz,8 GB,"512 GB SSD NVMe PCIe (Có thể tháo ra, lắp thanh khác tối đa 1TB)",Card rời,RTX 3050 4GB,"15.6""",Full HD (1920 x 1080),3 x USB 3.2,HDMI,Vỏ nhựa,Dài 363.4 mm - Rộng 255 mm - Dày 23.9 mm - Nặng 2.2 kg,Dài 363.4 mm - Rộng 255 mm - Dày 23.9 mm - Nặng 2.2 kg,4," Laptop  Acer  i5 11400H 2.7GHz 8 GB 512 GB SSD NVMe PCIe (Có thể tháo ra, lắp thanh khác tối đa 1TB) Card rời RTX 3050 4GB 15.6"" Full HD (1920 x 1080)"
220042001871, Laptop,26290000, Laptop , HP ,i5,1135G7,2.4GHz,8 GB,512 GB SSD NVMe PCIe,Card tích hợp,Intel Iris Xe,"13.3""",Full HD (1920 x 1080),2 x USB 3.1,Jack tai nghe 3.5 mm,Vỏ kim loại,Dài 306.5 mm - Rộng 194.6 mm - Dày 16.4 mm - Nặng 1.237 kg,Dài 306.5 mm - Rộng 194.6 mm - Dày 16.4 mm - Nặng 1.237 kg,0," Laptop  HP  i5 1135G7 2.4GHz 8 GB 512 GB SSD NVMe PCIe Card tích hợp Intel Iris Xe 13.3"" Full HD (1920 x 1080)"
220042001700, Laptop,25990000, Laptop , Dell ,Ryzen 5,5600H,3.3GHz,8 GB,"256 GB SSD NVMe PCIe (Có thể tháo ra, lắp thanh khác tối đa 2TB (2280) / 1TB (2230))",Card rời,RTX 3050 4GB,"15.6""",Full HD (1920 x 1080),1 x USB 3.2,2 x USB 2.0,Vỏ nhựa,Dài 357.26 mm - Rộng 272.11 mm - Dày 26.9 mm - Nặng 2.8 kg,Dài 357.26 mm - Rộng 272.11 mm - Dày 26.9 mm - Nặng 2.8 kg,3," Laptop  Dell  Ryzen 5 5600H 3.3GHz 8 GB 256 GB SSD NVMe PCIe (Có thể tháo ra, lắp thanh khác tối đa 2TB (2280) / 1TB (2230)) Card rời RTX 3050 4GB 15.6"" Full HD (1920 x 1080)"
220042001797, Laptop,25990000, Laptop , Dell ,i7,1165G7,2.8GHz,8 GB,512 GB SSD NVMe PCIe,Card rời,MX330 2GB,"14""",Full HD (1920 x 1080),2 x USB 3.2,HDMI,Dài 328.7 mm - Rộng 239.5 mm - Dày 19.9 mm - Nặng 1.64 kg,2021,2021,0," Laptop  Dell  i7 1165G7 2.8GHz 8 GB 512 GB SSD NVMe PCIe Card rời MX330 2GB 14"" Full HD (1920 x 1080)"
220042001526, Laptop,25990000, Laptop , Acer ,i5,11400H,2.7GHz,8 GB,"512 GB SSD NVMe PCIe (Có thể tháo ra, lắp thanh khác tối đa 1TB)",Card rời,RTX 3050 4GB,"15.6""",Full HD (1920 x 1080),3 x USB 3.2,HDMI,Vỏ nhựa,Dài 363.4 mm - Rộng 255 mm - Dày 23.9 mm - Nặng 2.2 kg,Dài 363.4 mm - Rộng 255 mm - Dày 23.9 mm - Nặng 2.2 kg,0," Laptop  Acer  i5 11400H 2.7GHz 8 GB 512 GB SSD NVMe PCIe (Có thể tháo ra, lắp thanh khác tối đa 1TB) Card rời RTX 3050 4GB 15.6"" Full HD (1920 x 1080)"
220042001846, Laptop,25990000, Laptop , Asus ,i5,11400H,2.7GHz,8 GB,"512 GB SSD NVMe PCIe (Có thể tháo ra, lắp thanh khác tối đa 1TB)",Card rời,RTX 3050 4GB,"15.6""",Full HD (1920 x 1080),3 x USB 3.2,HDMI,Vỏ nhựa,Dài 359 mm - Rộng 256 mm - Dày 24.5 mm - Nặng 2.3 kg,Dài 359 mm - Rộng 256 mm - Dày 24.5 mm - Nặng 2.3 kg,0," Laptop  Asus  i5 11400H 2.7GHz 8 GB 512 GB SSD NVMe PCIe (Có thể tháo ra, lắp thanh khác tối đa 1TB) Card rời RTX 3050 4GB 15.6"" Full HD (1920 x 1080)"
220042001777, Laptop,25990000, Laptop , HP ,Ryzen 5,5600U,2.30 GHz,8 GB,256 GB SSD NVMe PCIe,Card tích hợp,Radeon,"13.3""",Full HD (1920 x 1080),2x SuperSpeed USB A,Jack tai nghe 3.5 mm,Vỏ kim loại,Dài 306.5 mm - Rộng 194.6 mm - Dày 16.4 mm - Nặng 1.3 kg,Dài 306.5 mm - Rộng 194.6 mm - Dày 16.4 mm - Nặng 1.3 kg,0," Laptop  HP  Ryzen 5 5600U 2.30 GHz 8 GB 256 GB SSD NVMe PCIe Card tích hợp Radeon 13.3"" Full HD (1920 x 1080)"
220042001708, Laptop,25490000, Laptop , MSI ,Ryzen 7,5800H,3.2GHz,8 GB,"512 GB SSD NVMe PCIe (Có thể tháo ra, lắp thanh khác tối đa 2TB)",Card rời,RX 5500M 4GB,"15.6""",Full HD (1920 x 1080),2 x USB 3.2,HDMI,Vỏ nhựa,Dài 359 mm - Rộng 259 mm - Dày 24.95 mm - Nặng 2.35 kg,Dài 359 mm - Rộng 259 mm - Dày 24.95 mm - Nặng 2.35 kg,1," Laptop  MSI  Ryzen 7 5800H 3.2GHz 8 GB 512 GB SSD NVMe PCIe (Có thể tháo ra, lắp thanh khác tối đa 2TB) Card rời RX 5500M 4GB 15.6"" Full HD (1920 x 1080)"
220042001829, Laptop,25490000, Laptop , MSI ,i5,11400H,2.7GHz,8 GB,"512 GB SSD NVMe PCIe (Có thể tháo ra, lắp thanh khác tối đa 2TB)",Card rời,RTX 3050 4GB,"15.6""",Full HD (1920 x 1080),3 x USB 3.2,HDMI,Vỏ nhựa - nắp lưng bằng kim loại,Dài 359 mm - Rộng 254 mm - Dày 21.7 mm - Nặng 1.86 kg,Dài 359 mm - Rộng 254 mm - Dày 21.7 mm - Nặng 1.86 kg,0," Laptop  MSI  i5 11400H 2.7GHz 8 GB 512 GB SSD NVMe PCIe (Có thể tháo ra, lắp thanh khác tối đa 2TB) Card rời RTX 3050 4GB 15.6"" Full HD (1920 x 1080)"
220042001792, Laptop,25390000, Laptop , Surface ,i5,1035G4,1.1GHz,8 GB,256 GB SSD NVMe PCIe,Card tích hợp,Intel Iris Plus,"12.3""",2K,1 x Surface Connect,Jack tai nghe 3.5 mm,Kim loại Magie,Dài 201 mm - Rộng 292 mm - Dày 8.5 mm - Nặng 0.775 kg,Dài 201 mm - Rộng 292 mm - Dày 8.5 mm - Nặng 0.775 kg,0," Laptop  Surface  i5 1035G4 1.1GHz 8 GB 256 GB SSD NVMe PCIe Card tích hợp Intel Iris Plus 12.3"" 2K"
220042001834, Laptop,24990000, Laptop , HP ,i5,1135G7,2.4GHz,8 GB,256 GB SSD NVMe PCIe,Card tích hợp,Intel Iris Xe,"13.3""",Full HD (1920 x 1080),2x SuperSpeed USB A,Jack tai nghe 3.5 mm,Vỏ kim loại,Dài 306.5 mm - Rộng 194.6 mm - Dày 16.4 mm - Nặng 1.33 kg,Dài 306.5 mm - Rộng 194.6 mm - Dày 16.4 mm - Nặng 1.33 kg,0," Laptop  HP  i5 1135G7 2.4GHz 8 GB 256 GB SSD NVMe PCIe Card tích hợp Intel Iris Xe 13.3"" Full HD (1920 x 1080)"
220042001801, Laptop,24790000, Laptop , Asus ,i5,1135G7,2.4GHz,8 GB,"512 GB SSD NVMe PCIe (Có thể tháo ra, lắp thanh khác tối đa 1TB)",Card tích hợp,Intel Iris Xe,"13.3""",Full HD (1920 x 1080) OLED,1 x USB 3.2,2 x Thunderbolt 4 USB-C,Vỏ kim loại nguyên khối,Dài 304.2 mm - Rộng 203 mm - Dày 13.9 mm - Nặng 1.14 kg,Dài 304.2 mm - Rộng 203 mm - Dày 13.9 mm - Nặng 1.14 kg,0," Laptop  Asus  i5 1135G7 2.4GHz 8 GB 512 GB SSD NVMe PCIe (Có thể tháo ra, lắp thanh khác tối đa 1TB) Card tích hợp Intel Iris Xe 13.3"" Full HD (1920 x 1080) OLED"
220042001534, Laptop,24690000, Laptop , Dell ,i5,1135G7,2.4GHz,DDR4 2 khe (1 khe 8GB + 1 khe rời),"256 GB SSD NVMe PCIe (Có thể tháo ra, lắp thanh khác tối đa 1TB)",Card tích hợp,Intel Iris Xe,"15.6""",Full HD (1920 x 1080),2 x USB 3.2,HDMI,Vỏ nhựa,Dài 361 mm - Rộng 240.9 mm - Dày 18 mm - Nặng 1.79 Kg,Dài 361 mm - Rộng 240.9 mm - Dày 18 mm - Nặng 1.79 Kg,4," Laptop  Dell  i5 1135G7 2.4GHz DDR4 2 khe (1 khe 8GB + 1 khe rời) 256 GB SSD NVMe PCIe (Có thể tháo ra, lắp thanh khác tối đa 1TB) Card tích hợp Intel Iris Xe 15.6"" Full HD (1920 x 1080)"
220042001806, Laptop,24490000, Laptop , HP ,Ryzen 5,5600H,3.3GHz,8 GB,"512 GB SSD NVMe PCIe (Có thể tháo ra, lắp thanh khác tối đa 1TB)",Card rời,RTX 3050 4GB,"16.1""",Full HD (1920 x 1080),3x SuperSpeed USB A,HDMI,Vỏ nhựa,Dài 370 mm - Rộng 260 mm - Dày 23.5 mm - Nặng 2.46 kg,Dài 370 mm - Rộng 260 mm - Dày 23.5 mm - Nặng 2.46 kg,0," Laptop  HP  Ryzen 5 5600H 3.3GHz 8 GB 512 GB SSD NVMe PCIe (Có thể tháo ra, lắp thanh khác tối đa 1TB) Card rời RTX 3050 4GB 16.1"" Full HD (1920 x 1080)"
220042001773, Laptop,24290000, Laptop , Lenovo ,i5,1135G7,2.4GHz,8 GB,"512 GB SSD NVMe PCIe (Có thể tháo ra, lắp thanh khác tối đa 1TB (2280) / 512GB (2242))",Card tích hợp,Intel Iris Xe,"14""",Full HD (1920 x 1080),2 x USB 3.2,HDMI,Vỏ kim loại,Dài 322 mm - Rộng 207 mm - Dày 14.9 mm - Nặng 1.27 kg,Dài 322 mm - Rộng 207 mm - Dày 14.9 mm - Nặng 1.27 kg,0," Laptop  Lenovo  i5 1135G7 2.4GHz 8 GB 512 GB SSD NVMe PCIe (Có thể tháo ra, lắp thanh khác tối đa 1TB (2280) / 512GB (2242)) Card tích hợp Intel Iris Xe 14"" Full HD (1920 x 1080)"
220042001798, Laptop,24290000, Laptop , Dell ,Ryzen 7,5700U,1.8GHz,8 GB,512 GB SSD NVMe PCIe,Card tích hợp,Radeon,"15.6""",Full HD (1920 x 1080),2 x USB 3.1,HDMI,Vỏ nhựa,Dài 356.06 mm - Rộng 228.9 mm - Dày 17.99 mm - Nặng 1.75 kg,Dài 356.06 mm - Rộng 228.9 mm - Dày 17.99 mm - Nặng 1.75 kg,0," Laptop  Dell  Ryzen 7 5700U 1.8GHz 8 GB 512 GB SSD NVMe PCIe Card tích hợp Radeon 15.6"" Full HD (1920 x 1080)"
220042001667, Laptop,23990000, Laptop , Lenovo ,i5,1135G7,2.4GHz,8 GB,512 GB SSD NVMe PCIe,Card tích hợp,Intel Iris Xe,"14""",Full HD (1920 x 1080),1 x USB 3.2,1 x USB 3.2 (Always on),Vỏ kim loại,Dài 320.6 mm - Rộng 208.18 mm - Dày 14.9 mm - Nặng 1.36 kg,Dài 320.6 mm - Rộng 208.18 mm - Dày 14.9 mm - Nặng 1.36 kg,4," Laptop  Lenovo  i5 1135G7 2.4GHz 8 GB 512 GB SSD NVMe PCIe Card tích hợp Intel Iris Xe 14"" Full HD (1920 x 1080)"
220042001840, Laptop,23990000, Laptop , Asus ,i5,1135G7,2.4GHz,8 GB,512 GB SSD NVMe PCIe,Card tích hợp,Intel Iris Xe,"14""",Full HD (1920 x 1080),1 x USB 3.2,2 x Thunderbolt 4 USB-C,Vỏ kim loại nguyên khối,Dài 319 mm - Rộng 208 mm - Dày 13.9 mm - Nặng 1.17 kg,Dài 319 mm - Rộng 208 mm - Dày 13.9 mm - Nặng 1.17 kg,0," Laptop  Asus  i5 1135G7 2.4GHz 8 GB 512 GB SSD NVMe PCIe Card tích hợp Intel Iris Xe 14"" Full HD (1920 x 1080)"
220042001735, Laptop,23990000, Laptop , Acer ,i5,11400H,2.7GHz,8 GB,"512 GB SSD NVMe PCIe (Có thể tháo ra, lắp thanh khác tối đa 1TB)",Card rời,GTX 1650 4GB,"15.6""",Full HD (1920 x 1080),3 x USB 3.2,HDMI,Vỏ nhựa,Dài 363.4 mm - Rộng 255 mm - Dày 23.9 mm - Nặng 2.2 kg,Dài 363.4 mm - Rộng 255 mm - Dày 23.9 mm - Nặng 2.2 kg,3.7," Laptop  Acer  i5 11400H 2.7GHz 8 GB 512 GB SSD NVMe PCIe (Có thể tháo ra, lắp thanh khác tối đa 1TB) Card rời GTX 1650 4GB 15.6"" Full HD (1920 x 1080)"
220042001847, Laptop,23990000, Laptop , Asus ,Ryzen 7,4800H,2.9GHz,8 GB,"512 GB SSD NVMe PCIe (Có thể tháo ra, lắp thanh khác tối đa 1TB)",Card rời,GTX 1650 4GB,"15.6""",Full HD (1920 x 1080),3x Type-A USB 3.2 Gen 1,HDMI,Vỏ nhựa - nắp lưng bằng kim loại,Dài 354 mm - Rộng 259 mm - Dày 20.6 mm - Nặng 2.1 kg,Dài 354 mm - Rộng 259 mm - Dày 20.6 mm - Nặng 2.1 kg,0," Laptop  Asus  Ryzen 7 4800H 2.9GHz 8 GB 512 GB SSD NVMe PCIe (Có thể tháo ra, lắp thanh khác tối đa 1TB) Card rời GTX 1650 4GB 15.6"" Full HD (1920 x 1080)"
220042001804, Laptop,23990000, Laptop , Asus ,i5,1135G7,2.4GHz,8 GB,512 GB SSD NVMe PCIe,Card tích hợp,Intel Iris Xe,"14""",Full HD (1920 x 1080),1 x USB 3.2,2 x Thunderbolt 4 USB-C,Vỏ kim loại nguyên khối,Dài 319 mm - Rộng 208 mm - Dày 13.9 mm - Nặng 1.17 kg,Dài 319 mm - Rộng 208 mm - Dày 13.9 mm - Nặng 1.17 kg,0," Laptop  Asus  i5 1135G7 2.4GHz 8 GB 512 GB SSD NVMe PCIe Card tích hợp Intel Iris Xe 14"" Full HD (1920 x 1080)"
220042001794, Laptop,23890000, Laptop , Surface ,i5,1135G7,2.4GHz,8 GB,"128 GB SSD M.2 PCIe (Có thể tháo ra, lắp thanh khác tối đa 1TB)",Card tích hợp,Intel Iris Xe,"12.3""",2K,1 x Surface Connect,1 x USB A,Kim loại Magie,Dài 292 mm - Rộng 201 mm - Dày 8.5 mm - Nặng 0.77 kg,Dài 292 mm - Rộng 201 mm - Dày 8.5 mm - Nặng 0.77 kg,0," Laptop  Surface  i5 1135G7 2.4GHz 8 GB 128 GB SSD M.2 PCIe (Có thể tháo ra, lắp thanh khác tối đa 1TB) Card tích hợp Intel Iris Xe 12.3"" 2K"
220042001799, Laptop,23690000, Laptop , Dell ,i5,11320H,3.2GHz,8 GB,"512 GB SSD NVMe PCIe (Có thể tháo ra, lắp thanh khác tối đa 1TB)",Card tích hợp,Intel Iris Xe,"14""",Full HD (1920 x 1080),2 x USB 3.2,HDMI,Vỏ nhựa - nắp lưng bằng kim loại,Dài 321.2 mm - Rộng 212.8 mm - Dày 17.9 mm - Nặng 1.44 kg,Dài 321.2 mm - Rộng 212.8 mm - Dày 17.9 mm - Nặng 1.44 kg,0," Laptop  Dell  i5 11320H 3.2GHz 8 GB 512 GB SSD NVMe PCIe (Có thể tháo ra, lắp thanh khác tối đa 1TB) Card tích hợp Intel Iris Xe 14"" Full HD (1920 x 1080)"
220042001751, Laptop,23290000, Laptop , Acer ,i5,1135G7,2.4GHz,8 GB,"512 GB SSD NVMe PCIe (Có thể tháo ra, lắp thanh khác tối đa 1TB)",Card tích hợp,Intel Iris Xe,"15.6""",Full HD (1920 x 1080),3 x USB 3.2,HDMI,Dài 363 mm - Rộng 255 mm - Dày 19.9 mm - Nặng 1.8 kg,2021,2021,0," Laptop  Acer  i5 1135G7 2.4GHz 8 GB 512 GB SSD NVMe PCIe (Có thể tháo ra, lắp thanh khác tối đa 1TB) Card tích hợp Intel Iris Xe 15.6"" Full HD (1920 x 1080)"
220042001758, Laptop,23290000, Laptop , Dell ,i5,11320H,3.2GHz,8 GB,"512 GB SSD NVMe PCIe (Có thể tháo ra, lắp thanh khác tối đa 1TB)",Card tích hợp,Intel Iris Xe,"15.6""",Full HD (1920 x 1080),2 x USB 3.2,HDMI,Vỏ nhựa - nắp lưng bằng kim loại,Dài 356 mm - Rộng 228 mm - Dày 17.9 mm - Nặng 1.75 kg,Dài 356 mm - Rộng 228 mm - Dày 17.9 mm - Nặng 1.75 kg,5," Laptop  Dell  i5 11320H 3.2GHz 8 GB 512 GB SSD NVMe PCIe (Có thể tháo ra, lắp thanh khác tối đa 1TB) Card tích hợp Intel Iris Xe 15.6"" Full HD (1920 x 1080)"
220042001748, Laptop,23090000, Laptop , Dell ,i5,11320H,3.2GHz,8 GB,"256 GB SSD NVMe PCIe (Có thể tháo ra, lắp thanh khác tối đa 1TB)",Card tích hợp,Intel Iris Xe,"15.6""",Full HD (1920 x 1080),2 x USB 3.2,HDMI,Vỏ nhựa - nắp lưng bằng kim loại,Dài 356 mm - Rộng 228 mm - Dày 17.9 mm - Nặng 1.75 kg,Dài 356 mm - Rộng 228 mm - Dày 17.9 mm - Nặng 1.75 kg,0," Laptop  Dell  i5 11320H 3.2GHz 8 GB 256 GB SSD NVMe PCIe (Có thể tháo ra, lắp thanh khác tối đa 1TB) Card tích hợp Intel Iris Xe 15.6"" Full HD (1920 x 1080)"
220042001671, Laptop,22990000, Laptop , MSI ,i5,1155G7,2.5GHz,8 GB,"512 GB SSD NVMe PCIe (Có thể tháo ra, lắp thanh khác tối đa 2TB)",Card rời,MX450 2GB,"14""",Full HD (1920 x 1080),2 x USB 3.2,HDMI,Vỏ kim loại,Dài 319 mm - Rộng 219 mm - Dày 16.9 mm - Nặng 1.3 Kg,Dài 319 mm - Rộng 219 mm - Dày 16.9 mm - Nặng 1.3 Kg,0," Laptop  MSI  i5 1155G7 2.5GHz 8 GB 512 GB SSD NVMe PCIe (Có thể tháo ra, lắp thanh khác tối đa 2TB) Card rời MX450 2GB 14"" Full HD (1920 x 1080)"
220042001631, Laptop,22990000, Laptop , HP ,i7,1165G7,2.8GHz,8 GB,512 GB SSD NVMe PCIe,Card tích hợp,Intel Iris Xe,"15.6""",Full HD (1920 x 1080),2 x USB 3.1,HDMI,Dài 360.2 mm - Rộng 234 mm - Dày 17.9 mm - Nặng 1.685 kg,2021,2021,0," Laptop  HP  i7 1165G7 2.8GHz 8 GB 512 GB SSD NVMe PCIe Card tích hợp Intel Iris Xe 15.6"" Full HD (1920 x 1080)"
220042001780, Laptop,22990000, Laptop , Asus ,Ryzen 7,5800H,3.2GHz,8 GB,"512 GB SSD NVMe PCIe (Có thể tháo ra, lắp thanh khác tối đa 2TB)",Card tích hợp,Radeon,"14""",2.8K (2880 x 1800) - 16:10,1 x USB 3.2,2 x USB 2.0,Vỏ nhựa - nắp lưng bằng kim loại,Dài 317.4 mm - Rộng 228.5 mm - Dày 19.3 mm - Nặng 1.4 kg,Dài 317.4 mm - Rộng 228.5 mm - Dày 19.3 mm - Nặng 1.4 kg,3," Laptop  Asus  Ryzen 7 5800H 3.2GHz 8 GB 512 GB SSD NVMe PCIe (Có thể tháo ra, lắp thanh khác tối đa 2TB) Card tích hợp Radeon 14"" 2.8K (2880 x 1800) - 16:10"
220042001803, Laptop,22990000, Laptop , MSI ,i7,10750H,2.6GHz,8 GB,"512 GB SSD NVMe PCIe (Có thể tháo ra, lắp thanh khác tối đa 2TB)",Card rời,GTX 1650 Max-Q 4GB,"15.6""",Full HD (1920 x 1080),3x Type-A USB 3.2 Gen 1,HDMI,Vỏ nhựa - nắp lưng bằng kim loại,Dài 359 mm - Rộng 254 mm - Dày 21.7 mm - Nặng 1.86 kg,Dài 359 mm - Rộng 254 mm - Dày 21.7 mm - Nặng 1.86 kg,0," Laptop  MSI  i7 10750H 2.6GHz 8 GB 512 GB SSD NVMe PCIe (Có thể tháo ra, lắp thanh khác tối đa 2TB) Card rời GTX 1650 Max-Q 4GB 15.6"" Full HD (1920 x 1080)"
220042001781, Laptop,22990000, Laptop , Asus ,Ryzen 7,5800H,3.2GHz,8 GB,512 GB SSD NVMe PCIe,Card tích hợp,Radeon,"14""",2.8K (2880 x 1800) - 16:10,1 x USB 3.2,2 x USB 2.0,Vỏ nhựa - nắp lưng bằng kim loại,Dài 317.4 mm - Rộng 228.5 mm - Dày 19.3 mm - Nặng 1.4 kg,Dài 317.4 mm - Rộng 228.5 mm - Dày 19.3 mm - Nặng 1.4 kg,5," Laptop  Asus  Ryzen 7 5800H 3.2GHz 8 GB 512 GB SSD NVMe PCIe Card tích hợp Radeon 14"" 2.8K (2880 x 1800) - 16:10"
220042001783, Laptop,22990000, Laptop , Dell ,i5,1135G7,2.4GHz,8 GB,"512 GB SSD NVMe PCIe (Có thể tháo ra, lắp thanh khác tối đa 2TB (2280) / 1TB (2230))",Card rời,MX350 2GB,"15.6""",Full HD (1920 x 1080),2 x USB 3.2,HDMI,Dài 358.5 mm - Rộng 235.5 mm - Dày 18.9 mm - Nặng 1.69 kg,2021,2021,0," Laptop  Dell  i5 1135G7 2.4GHz 8 GB 512 GB SSD NVMe PCIe (Có thể tháo ra, lắp thanh khác tối đa 2TB (2280) / 1TB (2230)) Card rời MX350 2GB 15.6"" Full HD (1920 x 1080)"
220042001745, Laptop,22990000, Laptop , Dell ,i5,1135G7,2.4GHz,8 GB,"512 GB SSD NVMe PCIe (Có thể tháo ra, lắp thanh khác tối đa 1TB)",Card rời,MX350 2GB,"15.6""",Full HD (1920 x 1080),2 x USB 3.2,HDMI,Dài 359 mm - Rộng 235.5 mm - Dày 19 mm - Nặng 1.73 kg,2021,2021,0," Laptop  Dell  i5 1135G7 2.4GHz 8 GB 512 GB SSD NVMe PCIe (Có thể tháo ra, lắp thanh khác tối đa 1TB) Card rời MX350 2GB 15.6"" Full HD (1920 x 1080)"
220042001836, Laptop,22490000, Laptop , HP ,i7,1165G7,2.8GHz,8 GB,512 GB SSD NVMe PCIe,Card tích hợp,Intel Iris Xe,"14""",Full HD (1920 x 1080),1x SuperSpeed USB Type-C,2x SuperSpeed USB A,Dài 325 mm - Rộng 216.6 mm - Dày 17 mm - Nặng 1.41 kg,2021,2021,0," Laptop  HP  i7 1165G7 2.8GHz 8 GB 512 GB SSD NVMe PCIe Card tích hợp Intel Iris Xe 14"" Full HD (1920 x 1080)"
220042001762, Laptop,22490000, Laptop , MSI ,i7,1195G7,2.9GHz,8 GB,"512 GB SSD NVMe PCIe (Có thể tháo ra, lắp thanh khác tối đa 2TB)",Card tích hợp,Intel Iris Xe,"14""",Full HD (1920 x 1080),2 x USB 3.2,HDMI,Vỏ kim loại,Dài 319 mm - Rộng 219 mm - Dày 16.9 mm - Nặng 1.3 kg,Dài 319 mm - Rộng 219 mm - Dày 16.9 mm - Nặng 1.3 kg,0," Laptop  MSI  i7 1195G7 2.9GHz 8 GB 512 GB SSD NVMe PCIe (Có thể tháo ra, lắp thanh khác tối đa 2TB) Card tích hợp Intel Iris Xe 14"" Full HD (1920 x 1080)"
220042001837, Laptop,21990000, Laptop , Acer ,Ryzen 5,5500U,2.1GHz,8 GB,"512 GB SSD NVMe PCIe (Có thể tháo ra, lắp thanh khác tối đa 1TB)",Card rời,GTX 1650 4GB,"15.6""",Full HD (1920 x 1080),2 x USB 3.2,HDMI,Vỏ nhựa,Dài 363.4 mm - Rộng 254.5 mm - Dày 22.9 mm - Nặng 2.1 kg,Dài 363.4 mm - Rộng 254.5 mm - Dày 22.9 mm - Nặng 2.1 kg,0," Laptop  Acer  Ryzen 5 5500U 2.1GHz 8 GB 512 GB SSD NVMe PCIe (Có thể tháo ra, lắp thanh khác tối đa 1TB) Card rời GTX 1650 4GB 15.6"" Full HD (1920 x 1080)"
220042001821, Laptop,21990000, Laptop , Asus ,i5,10300H,2.5GHz,8 GB,"512 GB SSD NVMe PCIe (Có thể tháo ra, lắp thanh khác tối đa 1TB)",Card rời,GTX 1650 4GB,"15.6""",Full HD (1920 x 1080),1x USB 3.2 Gen 2 Type-C support DisplayPort / power delivery / G-SYNC,2 x USB 3.2,Vỏ nhựa,Dài 359 mm - Rộng 256 mm - Dày 24.9 mm - Nặng 2.3 kg,Dài 359 mm - Rộng 256 mm - Dày 24.9 mm - Nặng 2.3 kg,0," Laptop  Asus  i5 10300H 2.5GHz 8 GB 512 GB SSD NVMe PCIe (Có thể tháo ra, lắp thanh khác tối đa 1TB) Card rời GTX 1650 4GB 15.6"" Full HD (1920 x 1080)"
220042001678, Laptop,21990000, Laptop , MSI ,i7,1195G7,2.9GHz,8 GB,"512 GB SSD NVMe PCIe (Có thể tháo ra, lắp thanh khác tối đa 2TB)",Card tích hợp,Intel Iris Xe,"14""",Full HD (1920 x 1080),2 x USB 3.2,HDMI,Vỏ kim loại,Dài 319 mm - Rộng 219 mm - Dày 16.9 mm - Nặng 1.3 kg,Dài 319 mm - Rộng 219 mm - Dày 16.9 mm - Nặng 1.3 kg,5," Laptop  MSI  i7 1195G7 2.9GHz 8 GB 512 GB SSD NVMe PCIe (Có thể tháo ra, lắp thanh khác tối đa 2TB) Card tích hợp Intel Iris Xe 14"" Full HD (1920 x 1080)"
220042001521, Laptop,21990000, Laptop , Dell ,i5,10300H,2.5GHz,8 GB,"1 TB HDD SATA 3 (Có thể tháo ra, lắp thanh khác tối đa 2 TB)",Card rời,GTX 1650 4GB,"15.6""",Full HD (1920 x 1080),1 x USB 3.2,2 x USB 3.0,Vỏ nhựa - nắp lưng bằng kim loại,Dài 364.9 mm - Rộng 254.5 mm - Dày 21.7 mm - Nặng 2.58 kg,Dài 364.9 mm - Rộng 254.5 mm - Dày 21.7 mm - Nặng 2.58 kg,0," Laptop  Dell  i5 10300H 2.5GHz 8 GB 1 TB HDD SATA 3 (Có thể tháo ra, lắp thanh khác tối đa 2 TB) Card rời GTX 1650 4GB 15.6"" Full HD (1920 x 1080)"
220042001367, Laptop,21990000, Laptop , Asus ,i5,10300H,2.5GHz,8 GB,512 GB SSD NVMe PCIe,Card rời,GTX 1650 4GB,"15.6""",Full HD (1920 x 1080),Jack tai nghe 3.5 mm,2 x USB 3.2,Vỏ nhựa - nắp lưng bằng kim loại,Dài 359 mm - Rộng 256 mm - Dày 24.9 mm - Nặng 2.3 kg,Dài 359 mm - Rộng 256 mm - Dày 24.9 mm - Nặng 2.3 kg,3.8," Laptop  Asus  i5 10300H 2.5GHz 8 GB 512 GB SSD NVMe PCIe Card rời GTX 1650 4GB 15.6"" Full HD (1920 x 1080)"
220042001791, Laptop,21890000, Laptop , Surface ,i5,1035G4,1.1GHz,8 GB,128 GB SSD M2 PCIe,Card tích hợp,Intel Iris Plus,"12.3""",2K,1 x Surface Connect,Jack tai nghe 3.5 mm,Kim loại Magie,Dài 201 mm - Rộng 292 mm - Dày 8.5 mm - Nặng 0.775 kg,Dài 201 mm - Rộng 292 mm - Dày 8.5 mm - Nặng 0.775 kg,0," Laptop  Surface  i5 1035G4 1.1GHz 8 GB 128 GB SSD M2 PCIe Card tích hợp Intel Iris Plus 12.3"" 2K"
220042001790, Surface,21790000, Laptop , Surface ,i5,1035G1,1.00 GHz,8 GB,256 GB SSD NVMe PCIe,Card tích hợp,Intel UHD,"12.4""",1536 x 1024 (148 PPI),1 x Surface Connect,1 x USB A,Vỏ nhựa - nắp lưng bằng kim loại,Dài 278.18 mm - Rộng 205.67 mm - Dày 15.69 mm - Nặng 1.11 kg,Dài 278.18 mm - Rộng 205.67 mm - Dày 15.69 mm - Nặng 1.11 kg,0," Surface  Surface  i5 1035G1 1.00 GHz 8 GB 256 GB SSD NVMe PCIe Card tích hợp Intel UHD 12.4"" 1536 x 1024 (148 PPI)"
220042001870, Laptop,20990000, Laptop , HP ,i5,1135G7,2.4GHz,8 GB,"512 GB SSD NVMe PCIe (Có thể tháo ra, lắp thanh khác tối đa 1TB)",Card tích hợp,Intel Iris Xe,"14""",Full HD (1920 x 1080),"1x USB 3.1 Gen 1 Type-C (support Power Delivery, DisplayPort, HP Sleep and Charge)",2 x USB 3.1,Vỏ nhựa - chiếu nghỉ tay bằng kim loại,Dài 322 mm - Rộng 209 mm - Dày 20.6 mm - Nặng 1.525 kg,Dài 322 mm - Rộng 209 mm - Dày 20.6 mm - Nặng 1.525 kg,0," Laptop  HP  i5 1135G7 2.4GHz 8 GB 512 GB SSD NVMe PCIe (Có thể tháo ra, lắp thanh khác tối đa 1TB) Card tích hợp Intel Iris Xe 14"" Full HD (1920 x 1080)"
220042001707, Laptop,20990000, Laptop , Dell ,i5,1135G7,2.4GHz,8 GB,512 GB SSD NVMe PCIe,Card tích hợp,Intel Iris Xe,"15.6""",Full HD (1920 x 1080),2 x USB 3.1,HDMI,Dài 358.5 mm - Rộng 235.5 mm - Dày 18.9 mm - Nặng 1.69 kg,2021,2021,3.2," Laptop  Dell  i5 1135G7 2.4GHz 8 GB 512 GB SSD NVMe PCIe Card tích hợp Intel Iris Xe 15.6"" Full HD (1920 x 1080)"
220042001833, Laptop,20990000, Laptop , Dell ,i5,1135G7,2.4GHz,8 GB,512 GB SSD NVMe PCIe,Card tích hợp,Intel Iris Xe,"15.6""",Full HD (1920 x 1080),2 x USB 3.1,HDMI,Dài 358.5 mm - Rộng 235.5 mm - Dày 18.9 mm - Nặng 1.69 kg,2021,2021,0," Laptop  Dell  i5 1135G7 2.4GHz 8 GB 512 GB SSD NVMe PCIe Card tích hợp Intel Iris Xe 15.6"" Full HD (1920 x 1080)"
220042001802, Laptop,20990000, Laptop , MSI ,i5,10500H,2.5GHz,8 GB,"512 GB SSD NVMe PCIe (Có thể tháo ra, lắp thanh khác tối đa 2TB)",Card rời,GTX 1650 Max-Q 4GB,"15.6""",Full HD (1920 x 1080),3x Type-A USB 3.2 Gen 1,HDMI,Vỏ nhựa - nắp lưng bằng kim loại,Dài 359 mm - Rộng 254 mm - Dày 21.7 mm - Nặng 1.86 kg,Dài 359 mm - Rộng 254 mm - Dày 21.7 mm - Nặng 1.86 kg,0," Laptop  MSI  i5 10500H 2.5GHz 8 GB 512 GB SSD NVMe PCIe (Có thể tháo ra, lắp thanh khác tối đa 2TB) Card rời GTX 1650 Max-Q 4GB 15.6"" Full HD (1920 x 1080)"
220042001615, Laptop,20790000, Laptop , Asus ,i5,1135G7,2.4GHz,8 GB,512 GB SSD NVMe PCIe,Card rời,MX330 2GB,"15.6""",Full HD (1920 x 1080),2 x USB 2.0,HDMI,Dài 359 mm - Rộng 235 mm - Dày 17.9 mm - Nặng 1.8 kg,2021,2021,4.2," Laptop  Asus  i5 1135G7 2.4GHz 8 GB 512 GB SSD NVMe PCIe Card rời MX330 2GB 15.6"" Full HD (1920 x 1080)"
220042001883, Laptop,20490000, Laptop , Asus ,i5,1135G7,2.4GHz,8 GB,"512 GB SSD NVMe PCIe (Có thể tháo ra, lắp thanh khác tối đa 1TB)",Card tích hợp,Intel Iris Xe,"15.6""",Full HD (1920 x 1080),2 x USB 3.2,HDMI,Vỏ nhựa - chiếu nghỉ tay bằng kim loại,Dài 358 mm - Rộng 236.5 mm - Dày 19.4 mm - Nặng 1.73 kg,Dài 358 mm - Rộng 236.5 mm - Dày 19.4 mm - Nặng 1.73 kg,0," Laptop  Asus  i5 1135G7 2.4GHz 8 GB 512 GB SSD NVMe PCIe (Có thể tháo ra, lắp thanh khác tối đa 1TB) Card tích hợp Intel Iris Xe 15.6"" Full HD (1920 x 1080)"
220042001385, Laptop,20390000, Laptop , Lenovo ,i5,1135G7,2.4GHz,8 GB,512 GB SSD NVMe PCIe,Card tích hợp,Intel Iris Xe,"14""",Full HD (1920 x 1080),2 x USB 3.2,HDMI,Dài 323 mm - Rộng 218 mm - Dày 17.9 mm - Nặng 1.4 kg,2020,2020,2.9," Laptop  Lenovo  i5 1135G7 2.4GHz 8 GB 512 GB SSD NVMe PCIe Card tích hợp Intel Iris Xe 14"" Full HD (1920 x 1080)"
220042001397, Laptop,20090000, Laptop , Asus ,i5,1135G7,2.4GHz,8 GB,512 GB SSD NVMe PCIe,Card tích hợp,Intel Iris Xe,"14""",Full HD (1920 x 1080),Thunderbolt 4 USB-C,1 x USB 3.2,Vỏ nhựa - nắp lưng bằng kim loại,Dài 324 mm - Rộng 220 mm - Dày 18.7 mm - Nặng 1.5 kg,Dài 324 mm - Rộng 220 mm - Dày 18.7 mm - Nặng 1.5 kg,0," Laptop  Asus  i5 1135G7 2.4GHz 8 GB 512 GB SSD NVMe PCIe Card tích hợp Intel Iris Xe 14"" Full HD (1920 x 1080)"
220042001682, Laptop,19990000, Laptop , Asus ,i5,1135G7,2.4GHz,8 GB,512 GB SSD NVMe PCIe,Card tích hợp,Intel Iris Xe,"15.6""",Full HD (1920 x 1080) OLED,1 x USB 3.2,2 x USB 2.0,Dài 359 mm - Rộng 235 mm - Dày 17.9 mm - Nặng 1.8 kg,2021,2021,3.6," Laptop  Asus  i5 1135G7 2.4GHz 8 GB 512 GB SSD NVMe PCIe Card tích hợp Intel Iris Xe 15.6"" Full HD (1920 x 1080) OLED"
220042001765, Laptop,19990000, Laptop , Dell ,i5,1135G7,2.4GHz,4 GB,"512 GB SSD NVMe PCIe (Có thể tháo ra, lắp thanh khác tối đa 1TB)",Card tích hợp,Intel Iris Xe,"15.6""",Full HD (1920 x 1080),2 x USB 3.2,HDMI,Dài 358.5 mm - Rộng 235.5 mm - Dày 18.9 mm - Nặng 1.7 kg,2021,2021,4," Laptop  Dell  i5 1135G7 2.4GHz 4 GB 512 GB SSD NVMe PCIe (Có thể tháo ra, lắp thanh khác tối đa 1TB) Card tích hợp Intel Iris Xe 15.6"" Full HD (1920 x 1080)"
220042001882, Laptop,19990000, Laptop , Asus ,i5,1135G7,2.4GHz,8 GB,"512 GB SSD NVMe PCIe (Có thể tháo ra, lắp thanh khác tối đa 1TB)",Card tích hợp,Intel Iris Xe,"14""",Full HD (1920 x 1080),2 x USB 3.2,HDMI,Vỏ nhựa - nắp lưng bằng kim loại,Dài 323.4 mm - Rộng 215.6 mm - Dày 19.2 mm - Nặng 1.45 kg,Dài 323.4 mm - Rộng 215.6 mm - Dày 19.2 mm - Nặng 1.45 kg,0," Laptop  Asus  i5 1135G7 2.4GHz 8 GB 512 GB SSD NVMe PCIe (Có thể tháo ra, lắp thanh khác tối đa 1TB) Card tích hợp Intel Iris Xe 14"" Full HD (1920 x 1080)"
220042001726, Laptop,19990000, Laptop , MSI ,Ryzen 7,5700U,1.8GHz,8 GB,"512 GB SSD NVMe PCIe (Có thể tháo ra, lắp thanh khác tối đa 2TB)",Card tích hợp,Radeon,"15.6""",Full HD (1920 x 1080),3 x USB 3.2,HDMI,Nắp lưng và chiếu nghỉ tay bằng kim loại,Dài 356.8 mm - Rộng 233.7 mm - Dày 18.9 mm - Nặng 1.6 kg,Dài 356.8 mm - Rộng 233.7 mm - Dày 18.9 mm - Nặng 1.6 kg,5," Laptop  MSI  Ryzen 7 5700U 1.8GHz 8 GB 512 GB SSD NVMe PCIe (Có thể tháo ra, lắp thanh khác tối đa 2TB) Card tích hợp Radeon 15.6"" Full HD (1920 x 1080)"
220042001812, Laptop,19990000, Laptop , Acer ,Ryzen 5,5500U,2.1GHz,8 GB,"256 GB SSD NVMe PCIe (Có thể tháo ra, lắp thanh khác tối đa 1TB)",Card rời,GTX 1650 4GB,"15.6""",Full HD (1920 x 1080),2 x USB 3.2,HDMI,Vỏ nhựa,Dài 363.4 mm - Rộng 254.5 mm - Dày 22.9 mm - Nặng 2.1 kg,Dài 363.4 mm - Rộng 254.5 mm - Dày 22.9 mm - Nặng 2.1 kg,0," Laptop  Acer  Ryzen 5 5500U 2.1GHz 8 GB 256 GB SSD NVMe PCIe (Có thể tháo ra, lắp thanh khác tối đa 1TB) Card rời GTX 1650 4GB 15.6"" Full HD (1920 x 1080)"
220042001881, Laptop,19890000, Laptop , Asus ,i5,1135G7,2.4GHz,8 GB,"512 GB SSD NVMe PCIe (Có thể tháo ra, lắp thanh khác tối đa 1TB)",Card tích hợp,Intel Iris Xe,"14""",Full HD (1920 x 1080),2 x USB 3.2,HDMI,Vỏ nhựa - nắp lưng bằng kim loại,Dài 323.4 mm - Rộng 215.6 mm - Dày 19.2 mm - Nặng 1.45 kg,Dài 323.4 mm - Rộng 215.6 mm - Dày 19.2 mm - Nặng 1.45 kg,0," Laptop  Asus  i5 1135G7 2.4GHz 8 GB 512 GB SSD NVMe PCIe (Có thể tháo ra, lắp thanh khác tối đa 1TB) Card tích hợp Intel Iris Xe 14"" Full HD (1920 x 1080)"
220042001817, Laptop,19790000, Laptop , HP ,i5,1135G7,2.4GHz,8 GB,512 GB SSD NVMe PCIe,Card tích hợp,Intel Iris Xe,"14""",Full HD (1920 x 1080),2x SuperSpeed USB A,HDMI,Dài 325 mm - Rộng 216.6 mm - Dày 17 mm - Nặng 1.41 kg,2021,2021,0," Laptop  HP  i5 1135G7 2.4GHz 8 GB 512 GB SSD NVMe PCIe Card tích hợp Intel Iris Xe 14"" Full HD (1920 x 1080)"
220042001867, Laptop,19690000, Laptop , HP ,i7,1165G7,2.8GHz,8 GB,512 GB SSD NVMe PCIe,Card tích hợp,Intel Iris Xe,"15.6""",HD (1366 x 768),2 x USB 3.1,HDMI,Dài 358.5 mm - Rộng 242 mm - Dày 18 mm - Nặng 1.592 kg,2021,2021,0," Laptop  HP  i7 1165G7 2.8GHz 8 GB 512 GB SSD NVMe PCIe Card tích hợp Intel Iris Xe 15.6"" HD (1366 x 768)"
220042001831, Laptop,19490000, Laptop , Dell ,Ryzen 5,3450U,2.1GHz,8 GB,256 GB SSD NVMe PCIe,Card tích hợp,Radeon,"15.6""",Full HD (1920 x 1080),2 x USB 3.2,HDMI,Dài 358.5 mm - Rộng 235.5 mm - Dày 18.9 mm - Nặng 1.81 kg,2021,2021,0," Laptop  Dell  Ryzen 5 3450U 2.1GHz 8 GB 256 GB SSD NVMe PCIe Card tích hợp Radeon 15.6"" Full HD (1920 x 1080)"
220042001594, Laptop,18990000, Laptop , MSI ,i5,1155G7,2.5GHz,8 GB,"512 GB SSD NVMe PCIe (Có thể tháo ra, lắp thanh khác tối đa 2TB)",Card tích hợp,Intel Iris Xe,"15.6""",Full HD (1920 x 1080),2 x USB 3.2,HDMI,Vỏ kim loại,Dài 356.8 mm - Rộng 233.75 mm - Dày 16.9 mm - Nặng 1.6 kg,Dài 356.8 mm - Rộng 233.75 mm - Dày 16.9 mm - Nặng 1.6 kg,4.2," Laptop  MSI  i5 1155G7 2.5GHz 8 GB 512 GB SSD NVMe PCIe (Có thể tháo ra, lắp thanh khác tối đa 2TB) Card tích hợp Intel Iris Xe 15.6"" Full HD (1920 x 1080)"
220042001851, Laptop,18990000, Laptop , HP ,i5,1155G7,2.5GHz,8 GB,512 GB SSD NVMe PCIe,Card tích hợp,Intel Iris Xe,"14""",Full HD (1920 x 1080),1x SuperSpeed USB Type-C,2x SuperSpeed USB A,Dài 325 mm - Rộng 216.6 mm - Dày 17 mm - Nặng 1.41 kg,2021,2021,0," Laptop  HP  i5 1155G7 2.5GHz 8 GB 512 GB SSD NVMe PCIe Card tích hợp Intel Iris Xe 14"" Full HD (1920 x 1080)"
220042001868, Laptop,18990000, Laptop , HP ,i5,1135G7,2.4GHz,8 GB,512 GB SSD NVMe PCIe,Card tích hợp,Intel Iris Xe,"15.6""",Full HD (1920 x 1080),2 x USB 3.1,HDMI,Dài 360.2 mm - Rộng 234 mm - Dày 17.9 mm - Nặng 1.677 kg,2021,2021,0," Laptop  HP  i5 1135G7 2.4GHz 8 GB 512 GB SSD NVMe PCIe Card tích hợp Intel Iris Xe 15.6"" Full HD (1920 x 1080)"
220042001591, Laptop,18990000, Laptop , Asus ,i5,1135G7,2.4GHz,8 GB,"512 GB SSD NVMe PCIe (Có thể tháo ra, lắp thanh khác tối đa 1TB)",Card rời,MX330 2GB,"15.6""",Full HD (1920 x 1080),1 x USB 3.2,2 x USB 2.0,Dài 360.2 mm - Rộng 234.9 mm - Dày 19.9 mm - Nặng 1.8 kg,2021,2021,3.1," Laptop  Asus  i5 1135G7 2.4GHz 8 GB 512 GB SSD NVMe PCIe (Có thể tháo ra, lắp thanh khác tối đa 1TB) Card rời MX330 2GB 15.6"" Full HD (1920 x 1080)"
220042001775, Laptop,18890000, Laptop , Dell ,i5,1135G7,2.4GHz,8 GB,"256 GB SSD NVMe PCIe (Có thể tháo ra, lắp thanh khác tối đa 1TB)",Card tích hợp,Intel Iris Xe,"14""",Full HD (1920 x 1080),2 x USB 3.2,HDMI,Dài 328.7 mm - Rộng 239.5 mm - Dày 19.9 mm - Nặng 1.64 kg,2021,2021,0," Laptop  Dell  i5 1135G7 2.4GHz 8 GB 256 GB SSD NVMe PCIe (Có thể tháo ra, lắp thanh khác tối đa 1TB) Card tích hợp Intel Iris Xe 14"" Full HD (1920 x 1080)"
220042001876, Laptop,18490000, Laptop , Lenovo ,i5,1135G7,2.4GHz,8 GB,"512 GB SSD NVMe PCIe (Có thể tháo ra, lắp thanh khác tối đa 1TB (2280) / 512GB (2242))",Card tích hợp,Intel Iris Xe,"15.6""",Full HD (1920 x 1080),1 x USB 3.2,HDMI,Dài 359.2 mm - Rộng 236.5 mm - Dày 19.9 mm - Nặng 1.65 kg,2021,2021,0," Laptop  Lenovo  i5 1135G7 2.4GHz 8 GB 512 GB SSD NVMe PCIe (Có thể tháo ra, lắp thanh khác tối đa 1TB (2280) / 512GB (2242)) Card tích hợp Intel Iris Xe 15.6"" Full HD (1920 x 1080)"
220042001664, Laptop,18490000, Laptop , HP ,i5,1135G7,2.4GHz,8 GB,512 GB SSD NVMe PCIe,Card tích hợp,Intel Iris Xe,"14""",Full HD (1920 x 1080),2x SuperSpeed USB A,HDMI,Dài 325 mm - Rộng 216.6 mm - Dày 17 mm - Nặng 1.41 kg,2021,2021,0," Laptop  HP  i5 1135G7 2.4GHz 8 GB 512 GB SSD NVMe PCIe Card tích hợp Intel Iris Xe 14"" Full HD (1920 x 1080)"
220042001784, Laptop,18490000, Laptop , Dell ,Ryzen 5,3500U,2.1GHz,8 GB,"512 GB SSD NVMe PCIe (Có thể tháo ra, lắp thanh khác tối đa 1TB (2280) / 512GB (2230))",Card tích hợp,Radeon Vega 8,"14""",Full HD (1920 x 1080),2 x USB 3.2,HDMI,Dài 328.7 mm - Rộng 239.5 mm - Dày 19.9 mm - Nặng 1.7 kg,2021,2021,0," Laptop  Dell  Ryzen 5 3500U 2.1GHz 8 GB 512 GB SSD NVMe PCIe (Có thể tháo ra, lắp thanh khác tối đa 1TB (2280) / 512GB (2230)) Card tích hợp Radeon Vega 8 14"" Full HD (1920 x 1080)"
220042001544, Laptop,18490000, Laptop , Dell ,Ryzen 5,3500U,2.1GHz,8 GB,"512 GB SSD NVMe PCIe (Có thể tháo ra, lắp thanh khác tối đa 1TB (2280) / 512GB (2230))",Card tích hợp,Radeon Vega 8,"14""",Full HD (1920 x 1080),2 x USB 3.2,HDMI,Dài 328.7 mm - Rộng 239.5 mm - Dày 19.9 mm - Nặng 1.7 kg,2020,2020,3," Laptop  Dell  Ryzen 5 3500U 2.1GHz 8 GB 512 GB SSD NVMe PCIe (Có thể tháo ra, lắp thanh khác tối đa 1TB (2280) / 512GB (2230)) Card tích hợp Radeon Vega 8 14"" Full HD (1920 x 1080)"
220042001826, Laptop,18390000, Laptop , Dell ,Ryzen 3,5300U,2.6GHz,8 GB,"256 GB SSD NVMe PCIe (Có thể tháo ra, lắp thanh khác tối đa 2TB (2280) / 1TB (2230))",Card tích hợp,Radeon,"15.6""",Full HD (1920 x 1080),1x USB 3.2 Gen 1 Type-C with Power Delivery/DisplayPort Alt Mode,2 x USB 3.2,Vỏ nhựa,Dài 356 mm - Rộng 229 mm - Dày 18 mm - Nặng 1.77 kg,Dài 356 mm - Rộng 229 mm - Dày 18 mm - Nặng 1.77 kg,0," Laptop  Dell  Ryzen 3 5300U 2.6GHz 8 GB 256 GB SSD NVMe PCIe (Có thể tháo ra, lắp thanh khác tối đa 2TB (2280) / 1TB (2230)) Card tích hợp Radeon 15.6"" Full HD (1920 x 1080)"
220042001395, Laptop,18290000, Laptop , HP ,i5,1035G1,1.00 GHz,8 GB,512 GB SSD NVMe PCIe,Card tích hợp,Intel UHD,"14""",Full HD (1920 x 1080),HDMI,USB Type-C,Dài 324 mm - Rộng 225 mm - Dày 17.9 mm - Nặng 1.38 kg,2020,2020,4.1," Laptop  HP  i5 1035G1 1.00 GHz 8 GB 512 GB SSD NVMe PCIe Card tích hợp Intel UHD 14"" Full HD (1920 x 1080)"
220042001634, Laptop,18290000, Laptop , HP ,i5,1135G7,2.4GHz,8 GB,"512 GB SSD NVMe PCIe (Có thể tháo ra, lắp thanh khác tối đa 1TB)",Card tích hợp,Intel Iris Xe,"14""",Full HD (1920 x 1080),2 x USB 3.1,HDMI,Dài 324 mm - Rộng 225.9 mm - Dày 19.9 mm - Nặng 1.426 kg,2021,2021,3.2," Laptop  HP  i5 1135G7 2.4GHz 8 GB 512 GB SSD NVMe PCIe (Có thể tháo ra, lắp thanh khác tối đa 1TB) Card tích hợp Intel Iris Xe 14"" Full HD (1920 x 1080)"
220042001787, Surface,17990000, Laptop , Surface ,i5,1035G1,1.00 GHz,8 GB,128 GB SSD M2 PCIe,Card tích hợp,Intel UHD,"12.4""",1536 x 1024 (148 PPI),1 x Surface Connect,1 x USB A,Vỏ nhựa - nắp lưng bằng kim loại,Dài 278.18 mm - Rộng 205.67 mm - Dày 15.69 mm - Nặng 1.11 kg,Dài 278.18 mm - Rộng 205.67 mm - Dày 15.69 mm - Nặng 1.11 kg,0," Surface  Surface  i5 1035G1 1.00 GHz 8 GB 128 GB SSD M2 PCIe Card tích hợp Intel UHD 12.4"" 1536 x 1024 (148 PPI)"
220042001841, Laptop,17990000, Laptop , Lenovo ,i5,1135G7,2.4GHz,8 GB,512 GB SSD NVMe PCIe,Card tích hợp,Intel Iris Xe,"14""",Full HD (1920 x 1080),1 x USB 3.2,HDMI,Dài 324.2 mm - Rộng 215.7 mm - Dày 19.9 mm - Nặng 1.41 kg,2021,2021,0," Laptop  Lenovo  i5 1135G7 2.4GHz 8 GB 512 GB SSD NVMe PCIe Card tích hợp Intel Iris Xe 14"" Full HD (1920 x 1080)"
220042001839, Laptop,17990000, Laptop , HP ,i5,1135G7,2.4GHz,8 GB,"256 GB SSD NVMe PCIe (Có thể tháo ra, lắp thanh khác tối đa 1TB)",Card tích hợp,Intel Iris Xe,"15.6""",Full HD (1920 x 1080),2 x USB 3.1,HDMI,Dài 360.2 mm - Rộng 234 mm - Dày 17.9 mm - Nặng 1.682 kg,2021,2021,0," Laptop  HP  i5 1135G7 2.4GHz 8 GB 256 GB SSD NVMe PCIe (Có thể tháo ra, lắp thanh khác tối đa 1TB) Card tích hợp Intel Iris Xe 15.6"" Full HD (1920 x 1080)"
220042001428, Laptop,17990000, Laptop , Lenovo ,i5,1135G7,2.4GHz,8 GB,512 GB SSD NVMe PCIe,Card tích hợp,Intel Iris Xe,"15.6""",Full HD (1920 x 1080),Jack tai nghe 3.5 mm,1 x USB 3.2,Dài 359.2 mm - Rộng 236.5 mm - Dày 19.9 mm - Nặng 1.65 kg,2021,2021,4.2," Laptop  Lenovo  i5 1135G7 2.4GHz 8 GB 512 GB SSD NVMe PCIe Card tích hợp Intel Iris Xe 15.6"" Full HD (1920 x 1080)"
220042001693, Laptop,17790000, Laptop , Asus ,i5,1135G7,2.4GHz,8 GB,"512 GB SSD NVMe PCIe (Có thể tháo ra, lắp thanh khác tối đa 1TB)",Card tích hợp,Intel Iris Xe,"14""",Full HD (1920 x 1080),1 x USB 3.2,2 x USB 2.0,Dài 325.4 mm - Rộng 216 mm - Dày 19.9 mm - Nặng 1.55 kg,2021,2021,4.4," Laptop  Asus  i5 1135G7 2.4GHz 8 GB 512 GB SSD NVMe PCIe (Có thể tháo ra, lắp thanh khác tối đa 1TB) Card tích hợp Intel Iris Xe 14"" Full HD (1920 x 1080)"
220042001816, Laptop,17690000, Laptop , HP ,i5,1135G7,2.4GHz,8 GB,256 GB SSD NVMe PCIe,Card tích hợp,Intel Iris Xe,"14""",Full HD (1920 x 1080),2x SuperSpeed USB A,HDMI,Dài 325 mm - Rộng 216.6 mm - Dày 17 mm - Nặng 1.41 kg,2021,2021,0," Laptop  HP  i5 1135G7 2.4GHz 8 GB 256 GB SSD NVMe PCIe Card tích hợp Intel Iris Xe 14"" Full HD (1920 x 1080)"
220042001808, Laptop,17690000, Laptop , HP ,i3,1125G4,2GHz,4 GB,"512 GB SSD NVMe PCIe (Có thể tháo ra, lắp thanh khác tối đa 1TB)",Card tích hợp,Intel UHD,"14""",Full HD (1920 x 1080),"1x USB 3.1 Gen 1 Type-C (support Power Delivery, DisplayPort, HP Sleep and Charge)",2 x USB 3.1,Vỏ nhựa - chiếu nghỉ tay bằng kim loại,Dài 322 mm - Rộng 209 mm - Dày 20.6 mm - Nặng 1.525 kg,Dài 322 mm - Rộng 209 mm - Dày 20.6 mm - Nặng 1.525 kg,0," Laptop  HP  i3 1125G4 2GHz 4 GB 512 GB SSD NVMe PCIe (Có thể tháo ra, lắp thanh khác tối đa 1TB) Card tích hợp Intel UHD 14"" Full HD (1920 x 1080)"
220042001633, Laptop,17290000, Laptop , HP ,i5,1135G7,2.4GHz,8 GB,"256 GB SSD NVMe PCIe (Có thể tháo ra, lắp thanh khác tối đa 1TB)",Card tích hợp,Intel Iris Xe,"14""",Full HD (1920 x 1080),2 x USB 3.1,HDMI,Dài 324 mm - Rộng 225.9 mm - Dày 19.9 mm - Nặng 1.426 kg,2021,2021,3.6," Laptop  HP  i5 1135G7 2.4GHz 8 GB 256 GB SSD NVMe PCIe (Có thể tháo ra, lắp thanh khác tối đa 1TB) Card tích hợp Intel Iris Xe 14"" Full HD (1920 x 1080)"
220042001866, Laptop,17290000, Laptop , HP ,i5,1135G7,2.4GHz,8 GB,512 GB SSD NVMe PCIe,Card tích hợp,Intel Iris Xe,"15.6""",HD (1366 x 768),2 x USB 3.1,HDMI,Dài 358.5 mm - Rộng 242 mm - Dày 18 mm - Nặng 1.592 kg,2021,2021,0," Laptop  HP  i5 1135G7 2.4GHz 8 GB 512 GB SSD NVMe PCIe Card tích hợp Intel Iris Xe 15.6"" HD (1366 x 768)"
220042001822, Laptop,16990000, Laptop , Acer ,i5,1035G1,1.00 GHz,8 GB,512 GB SSD NVMe PCIe,Card rời,MX330 2GB,"15.6""",Full HD (1920 x 1080),2 x USB 3.2,HDMI,Dài 363.4 mm - Rộng 250.5 mm - Dày 19.95 mm - Nặng 1.9 kg,2021,2021,0," Laptop  Acer  i5 1035G1 1.00 GHz 8 GB 512 GB SSD NVMe PCIe Card rời MX330 2GB 15.6"" Full HD (1920 x 1080)"
220042001823, Laptop,16990000, Laptop , Acer ,i5,1135G7,2.4GHz,8 GB,"512 GB SSD NVMe PCIe (Có thể tháo ra, lắp thanh khác tối đa 1TB)",Card tích hợp,Intel Iris Xe,"15.6""",Full HD (1920 x 1080),2 x USB 3.2,HDMI,Dài 363.4 mm - Rộng 238.4 mm - Dày 19.9 mm - Nặng 1.7 kg,2021,2021,0," Laptop  Acer  i5 1135G7 2.4GHz 8 GB 512 GB SSD NVMe PCIe (Có thể tháo ra, lắp thanh khác tối đa 1TB) Card tích hợp Intel Iris Xe 15.6"" Full HD (1920 x 1080)"
220042001869, Laptop,16790000, Laptop , HP ,i3,1125G4,2GHz,4 GB,"512 GB SSD NVMe PCIe (Có thể tháo ra, lắp thanh khác tối đa 1TB)",Card tích hợp,Intel UHD,"14""",Full HD (1920 x 1080),"1x USB 3.1 Gen 1 Type-C (support Power Delivery, DisplayPort, HP Sleep and Charge)",2 x USB 3.1,Vỏ nhựa - nắp lưng bằng kim loại,Dài 322 mm - Rộng 209 mm - Dày 20.6 mm - Nặng 1.525 kg,Dài 322 mm - Rộng 209 mm - Dày 20.6 mm - Nặng 1.525 kg,0," Laptop  HP  i3 1125G4 2GHz 4 GB 512 GB SSD NVMe PCIe (Có thể tháo ra, lắp thanh khác tối đa 1TB) Card tích hợp Intel UHD 14"" Full HD (1920 x 1080)"
220042001727, Laptop,16490000, Laptop , Asus ,i3,1115G4,3GHz,8 GB,"512 GB SSD NVMe PCIe (Có thể tháo ra, lắp thanh khác tối đa 1TB)",Card tích hợp,Intel UHD,"15.6""",Full HD (1920 x 1080),1 x USB 3.2,2 x USB 2.0,Dài 359 mm - Rộng 235 mm - Dày 17.9 mm - Nặng 1.8 kg,2021,2021,4.4," Laptop  Asus  i3 1115G4 3GHz 8 GB 512 GB SSD NVMe PCIe (Có thể tháo ra, lắp thanh khác tối đa 1TB) Card tích hợp Intel UHD 15.6"" Full HD (1920 x 1080)"
220042001450, Laptop,15990000, Laptop , Asus ,i3,1115G4,3GHz,4 GB,512 GB SSD NVMe PCIe,Card tích hợp,Intel UHD,"14""",Full HD (1920 x 1080),1 x USB 3.2,HDMI,Vỏ nhựa - nắp lưng bằng kim loại,Dài 324 mm - Rộng 220 mm - Dày 18.7 mm - Nặng 1.5 kg,Dài 324 mm - Rộng 220 mm - Dày 18.7 mm - Nặng 1.5 kg,0," Laptop  Asus  i3 1115G4 3GHz 4 GB 512 GB SSD NVMe PCIe Card tích hợp Intel UHD 14"" Full HD (1920 x 1080)"
220042001722, Laptop,15990000, Laptop , Dell ,i3,1115G4,3GHz,8 GB,"256 GB SSD NVMe PCIe (Có thể tháo ra, lắp thanh khác tối đa 2TB (2280) / 1TB (2230))",Card tích hợp,Intel UHD,"15.6""",Full HD (1920 x 1080),2 x USB 3.2,HDMI,Dài 358.5 mm - Rộng 235.5 mm - Dày 17.5 mm - Nặng 1.69 kg,2021,2021,0," Laptop  Dell  i3 1115G4 3GHz 8 GB 256 GB SSD NVMe PCIe (Có thể tháo ra, lắp thanh khác tối đa 2TB (2280) / 1TB (2230)) Card tích hợp Intel UHD 15.6"" Full HD (1920 x 1080)"
220042001795, Laptop,15990000, Laptop , Asus ,i3,1125G4,2GHz,8 GB,"512 GB SSD NVMe PCIe (Có thể tháo ra, lắp thanh khác tối đa 1TB)",Card tích hợp,Intel UHD,"14""",Full HD (1920 x 1080),3 x USB 2.0,HDMI,Dài 324 mm - Rộng 215 mm - Dày 17.9 mm - Nặng 1.4 kg,2021,2021,0," Laptop  Asus  i3 1125G4 2GHz 8 GB 512 GB SSD NVMe PCIe (Có thể tháo ra, lắp thanh khác tối đa 1TB) Card tích hợp Intel UHD 14"" Full HD (1920 x 1080)"
220042001711, Laptop,15890000, Laptop , Dell ,i3,1115G4,3GHz,8 GB,"256 GB SSD NVMe PCIe (Có thể tháo ra, lắp thanh khác tối đa 1TB)",Card tích hợp,Intel UHD,"14""",Full HD (1920 x 1080),2 x USB 3.2,HDMI,Dài 328.7 mm - Rộng 239.5 mm - Dày 19.9 mm - Nặng 1.64 kg,2021,2021,5," Laptop  Dell  i3 1115G4 3GHz 8 GB 256 GB SSD NVMe PCIe (Có thể tháo ra, lắp thanh khác tối đa 1TB) Card tích hợp Intel UHD 14"" Full HD (1920 x 1080)"
220042001807, Laptop,15890000, Laptop , HP ,i3,1125G4,2GHz,4 GB,"256 GB SSD NVMe PCIe (Có thể tháo ra, lắp thanh khác tối đa 1TB)",Card tích hợp,Intel UHD,"14""",Full HD (1920 x 1080),"1x USB 3.1 Gen 1 Type-C (support Power Delivery, DisplayPort, HP Sleep and Charge)",2 x USB 3.1,Vỏ nhựa - nắp lưng bằng kim loại,Dài 322 mm - Rộng 209 mm - Dày 20.6 mm - Nặng 1.525 kg,Dài 322 mm - Rộng 209 mm - Dày 20.6 mm - Nặng 1.525 kg,0," Laptop  HP  i3 1125G4 2GHz 4 GB 256 GB SSD NVMe PCIe (Có thể tháo ra, lắp thanh khác tối đa 1TB) Card tích hợp Intel UHD 14"" Full HD (1920 x 1080)"
220042001857, Laptop,15490000, Laptop , Chuwi ,i5,8259U,2.30 GHz,16 GB,512 GB SSD NVMe PCIe,Card tích hợp,Intel Iris Plus Graphics 655,"14""",2.2K (2240x1400),Jack tai nghe 3.5 mm,USB 3.0,Vỏ kim loại,Dài 310 mm - Rộng 229.5 mm - Dày 20.6 mm - Nặng 1.5 kg,Dài 310 mm - Rộng 229.5 mm - Dày 20.6 mm - Nặng 1.5 kg,0," Laptop  Chuwi  i5 8259U 2.30 GHz 16 GB 512 GB SSD NVMe PCIe Card tích hợp Intel Iris Plus Graphics 655 14"" 2.2K (2240x1400)"
220042001621, Laptop,12490000, Laptop , HP ,i3,10110U,2.1GHz,4 GB,256 GB SSD NVMe PCIe,Card tích hợp,Intel UHD,"15.6""",HD (1366 x 768),2x SuperSpeed USB A,HDMI,Dài 358.5 mm - Rộng 242 mm - Dày 19.9 mm - Nặng 1.78 kg,2021,2021,0," Laptop  HP  i3 10110U 2.1GHz 4 GB 256 GB SSD NVMe PCIe Card tích hợp Intel UHD 15.6"" HD (1366 x 768)"
220042001602, Laptop,11890000, Laptop , HP ,i3,1005G1,1.2GHz,4 GB,"256 GB SSD NVMe PCIe (Có thể tháo ra, lắp thanh khác tối đa 1TB)",Card tích hợp,Intel UHD,"14""",HD (1366 x 768),2x SuperSpeed USB A,HDMI,Dài 324 mm - Rộng 225.9 mm - Dày 19.9 mm - Nặng 1.47 kg,2021,2021,0," Laptop  HP  i3 1005G1 1.2GHz 4 GB 256 GB SSD NVMe PCIe (Có thể tháo ra, lắp thanh khác tối đa 1TB) Card tích hợp Intel UHD 14"" HD (1366 x 768)"
220042001750, Laptop,10990000, Laptop , HP ,Pentium,N5030,1.1GHz,4 GB,"256 GB SSD NVMe PCIe (Có thể tháo ra, lắp thanh khác tối đa 1TB)",Card tích hợp,Intel UHD 605,"14""",HD (1366 x 768),2x SuperSpeed USB A,HDMI,Dài 324 mm - Rộng 225.9 mm - Dày 19.9 mm - Nặng 1.47 kg,2021,2021,0," Laptop  HP  Pentium N5030 1.1GHz 4 GB 256 GB SSD NVMe PCIe (Có thể tháo ra, lắp thanh khác tối đa 1TB) Card tích hợp Intel UHD 605 14"" HD (1366 x 768)"
220042001753, Laptop,10990000, Laptop , Acer ,Pentium,N5030,1.1GHz,4 GB,256 GB SSD NVMe PCIe,Card tích hợp,Intel UHD 605,"11.6""",HD (1366 x 768),2 x USB 3.2,HDMI,Dài 295 mm - Rộng 215 mm - Dày 20.99 mm - Nặng 1.4 kg,2021,2021,0," Laptop  Acer  Pentium N5030 1.1GHz 4 GB 256 GB SSD NVMe PCIe Card tích hợp Intel UHD 605 11.6"" HD (1366 x 768)"
220042001778, Laptop,10490000, Laptop , Asus ,Pentium,N6000,1.1GHz,4 GB,128GB eMMC,Card tích hợp,Intel UHD,"11.6""",HD (1366 x 768),1 x USB 3.2,HDMI,Vỏ nhựa,Dài 294.6 mm - Rộng 204.9 mm - Dày 20 mm - Nặng 1.4 kg,Dài 294.6 mm - Rộng 204.9 mm - Dày 20 mm - Nặng 1.4 kg,0," Laptop  Asus  Pentium N6000 1.1GHz 4 GB 128GB eMMC Card tích hợp Intel UHD 11.6"" HD (1366 x 768)"
220042001744, Laptop,10290000, Laptop , Acer ,Pentium,N6000,1.1GHz,4 GB,512 GB SSD NVMe PCIe,Card tích hợp,Intel UHD,"14""",HD (1366 x 768),2 x USB 3.2,HDMI,Dài 328 mm - Rộng 236 mm - Dày 19.9 mm - Nặng 1.45 kg,2021,2021,0," Laptop  Acer  Pentium N6000 1.1GHz 4 GB 512 GB SSD NVMe PCIe Card tích hợp Intel UHD 14"" HD (1366 x 768)"
220042001859, Laptop,9990000, Laptop , Chuwi ,Celeron,J4125,2GHz,8 GB,256 GB SSD NVMe PCIe,Card tích hợp,Intel UHD 600,13 inch,2K (2160 x 1440),Jack tai nghe 3.5 mm,USB 3.0,Vỏ kim loại,Dài 289 mm - Rộng 219 mm - Dày 17.75 mm - Nặng 1.34 kg,Dài 289 mm - Rộng 219 mm - Dày 17.75 mm - Nặng 1.34 kg,0, Laptop  Chuwi  Celeron J4125 2GHz 8 GB 256 GB SSD NVMe PCIe Card tích hợp Intel UHD 600 13 inch 2K (2160 x 1440)
220042001766, Laptop,8990000, Laptop , Itel ,Celeron,N4020,1.1GHz,4 GB,256 GB SSD M.2 SATA 3 (Có thể tháo ra lắp thanh khác tối đa 1TB),Card tích hợp,Intel UHD 600,"14""",HD (1366 x 768),2 x USB 3.0,HDMI,Dài 336.2 mm - Rộng 223 mm - Dày 19.9 mm - Nặng 1.4 kg,2021,2021,0," Laptop  Itel  Celeron N4020 1.1GHz 4 GB 256 GB SSD M.2 SATA 3 (Có thể tháo ra lắp thanh khác tối đa 1TB) Card tích hợp Intel UHD 600 14"" HD (1366 x 768)"
220042001717, Laptop,8690000, Laptop , Asus ,Celeron,N4020,1.1GHz,4 GB,256 GB SSD NVMe PCIe,Card tích hợp,Intel UHD 600,"15.6""",HD (1366 x 768),1 x USB 3.2,2 x USB 2.0,Dài 360.2 mm - Rộng 234.9 mm - Dày 19.9 mm - Nặng 1.8 kg,2021,2021,4.3," Laptop  Asus  Celeron N4020 1.1GHz 4 GB 256 GB SSD NVMe PCIe Card tích hợp Intel UHD 600 15.6"" HD (1366 x 768)"
220042001858, Laptop,8590000, Laptop , Chuwi ,Celeron,N4020,1.1GHz,8 GB,256 SSD GB M2,Card tích hợp,Intel UHD 600,14.1 inch,Full HD (1920 x 1080),Jack tai nghe 3.5 mm,Mini HDMI,Vỏ nhựa,Dài 332 mm - Rộng 214 mm - Dày 21.3 mm - Nặng 1.39 kg,Dài 332 mm - Rộng 214 mm - Dày 21.3 mm - Nặng 1.39 kg,0, Laptop  Chuwi  Celeron N4020 1.1GHz 8 GB 256 SSD GB M2 Card tích hợp Intel UHD 600 14.1 inch Full HD (1920 x 1080)
220042001890, Laptop,0, Laptop , Lenovo ,Ryzen 5,5600H,3.3GHz,16 GB,"512 GB SSD NVMe PCIe (Có thể tháo ra, lắp thanh khác tối đa 1TB)",Card tích hợp,Radeon,"14""",2.2K (2240x1400),1 x USB 3.2,1 x USB 3.2 (Always on),Vỏ kim loại,Dài 312 mm - Rộng 216 mm - Dày 17.6 mm - Nặng 1.4 kg,Dài 312 mm - Rộng 216 mm - Dày 17.6 mm - Nặng 1.4 kg,0," Laptop  Lenovo  Ryzen 5 5600H 3.3GHz 16 GB 512 GB SSD NVMe PCIe (Có thể tháo ra, lắp thanh khác tối đa 1TB) Card tích hợp Radeon 14"" 2.2K (2240x1400)"
,,,,,,,,,,,,,,,,,,,,
,,,,,,,,,,,,,,,,,,,,
,,,,,,,,,,,,,,,,,,,,
,,,,,,,,,,,,,,,,,,,,
,,,,,,,,,,,,,,,,,,,,
,,,,,,,,,,,,,,,,,,,,
,,,,,,,,,,,,,,,,,,,,
,,,,,,,,,,,,,,,,,,,,
,,,,,,,,,,,,,,,,,,,,
,,,,,,,,,,,,,,,,,,,,
,,,,,,,,,,,,,,,,,,,,
,,,,,,,,,,,,,,,,,,,,
,,,,,,,,,,,,,,,,,,,,
,,,,,,,,,,,,,,,,,,,,
,,,,,,,,,,,,,,,,,,,,
,,,,,,,,,,,,,,,,,,,,
,,,,,,,,,,,,,,,,,,,,
,,,,,,,,,,,,,,,,,,,,
,,,,,,,,,,,,,,,,,,,,
,,,,,,,,,,,,,,,,,,,,
,,,,,,,,,,,,,,,,,,,,
,,,,,,,,,,,,,,,,,,,,
,,,,,,,,,,,,,,,,,,,,
,,,,,,,,,,,,,,,,,,,,
,,,,,,,,,,,,,,,,,,,,
,,,,,,,,,,,,,,,,,,,,
,,,,,,,,,,,,,,,,,,,,
,,,,,,,,,,,,,,,,,,,,
,,,,,,,,,,,,,,,,,,,,
,,,,,,,,,,,,,,,,,,,,
,,,,,,,,,,,,,,,,,,,,
,,,,,,,,,,,,,,,,,,,,
,,,,,,,,,,,,,,,,,,,,
,,,,,,,,,,,,,,,,,,,,
,,,,,,,,,,,,,,,,,,,,
,,,,,,,,,,,,,,,,,,,,
,,,,,,,,,,,,,,,,,,,,
,,,,,,,,,,,,,,,,,,,,
,,,,,,,,,,,,,,,,,,,,
,,,,,,,,,,,,,,,,,,,,
,,,,,,,,,,,,,,,,,,,,
,,,,,,,,,,,,,,,,,,,,
,,,,,,,,,,,,,,,,,,,,
,,,,,,,,,,,,,,,,,,,,
